序号,视频编码(BV号),视频标题,发布时间,播放量,时长,分区,合集/系列,视频链接
113,BV1JT4y1K7dp,【主义主义】哲学意识形态大全-总纲,2021-01-24,720466,60:28,人文历史,,https://www.bilibili.com/video/BV1JT4y1K7dp
114,BV1hf4y1k7sX,【主义主义】无声版：神创论（1-2-1）,2021-01-25,123999,15:23,人文历史,,https://www.bilibili.com/video/BV1hf4y1k7sX
118,BV1Qr4y1N7qx,【主义主义】伪唯心主义（1-3-1）——笛卡尔：“Cogito ergo sum…”中二：“Ego sum te peto et uidere queo！”,2021-01-26,133725,32:50,人文历史,,https://www.bilibili.com/video/BV1Qr4y1N7qx
119,BV1bo4y1R796,【主义主义】“客观唯心主义”（1-3-1-1）：文化贵族们的祖传饭碗，扣在柏拉图、谢林头上的前现代臭痰盂,2021-01-27,96388,38:07,人文历史,,https://www.bilibili.com/video/BV1bo4y1R796
120,BV1CN411d7dd,【主义主义】“主观唯心主义”（1-3-1-2）——成为“圣人”的最廉价方式，不少聪明人无妨抵挡的诱惑,2021-01-27,110090,67:33,人文历史,,https://www.bilibili.com/video/BV1CN411d7dd
121,BV1wz4y1D7Sv,【主义主义】（1-3-1-3）现实唯心主义——面对“心不齐”的拧绳哲学,2021-01-29,57265,59:58,人文历史,,https://www.bilibili.com/video/BV1wz4y1D7Sv
124,BV1Dz4y1m7Kb,【主义主义】唯梦论（1-3-1-4）——人生如梦，一樽还酹江月的哲学；兼论梦在主体性与主体间性上的核心特征,2021-01-30,62363,50:52,社科·法律·心理,,https://www.bilibili.com/video/BV1Dz4y1m7Kb
125,BV1cV411B79w,【主义主义】本真主义（1-3-2）——小布尔乔亚文青病的基本结构,2021-01-31,212067,40:53,人文历史,,https://www.bilibili.com/video/BV1cV411B79w
126,BV1Br4y1K7qB,【主义主义】现代斯多亚主义（1-3-2-1）——文化多元主义所炮制的古典学致幻剂,2021-01-31,61149,55:28,人文历史,,https://www.bilibili.com/video/BV1Br4y1K7qB
127,BV12U4y1s7qw,【主义主义】现代犬儒主义（1-3-2-2）——工薪阶层最容易陷入的意识形态陷阱,2021-02-02,526903,62:58,人文历史,,https://www.bilibili.com/video/BV12U4y1s7qw
128,BV1Nh411177x,【主义主义】现代爱情背后的哲学（现代新柏拉图主义，1-3-2-3）——我们这个时代的罗曼斯崇拜,2021-02-03,128126,42:40,社科·法律·心理,,https://www.bilibili.com/video/BV1Nh411177x
129,BV1No4y1971k,【主义主义】现代智者学派（1-3-2-4）——民哲：“为什么我能读懂一切哲学？因为我是真理的化身！”,2021-02-04,58874,40:46,人文历史,,https://www.bilibili.com/video/BV1No4y1971k
131,BV1uy4y1H73f,【主义主义】唯意志主义（1-3-3）——理解奋斗B，批判奋斗B，解放奋斗B,2021-02-05,58585,49:37,人文历史,,https://www.bilibili.com/video/BV1uy4y1H73f
133,BV16y4y1n7Yz,【主义主义】自我中心主义（1-3-3-1）：把人生当成修仙游戏，念叨“人不为己天诛地灭”，却被“我”这个字玩弄一辈子，,2021-02-06,101844,60:52,人文历史,,https://www.bilibili.com/video/BV16y4y1n7Yz
134,BV15V411i7qQ,【主义主义】道德严酷主义（1-3-3-2）——内在糜烂的道学先生，大他者的享乐工具，扣在康德头上的臭痰盂,2021-02-07,61187,47:11,社科·法律·心理,,https://www.bilibili.com/video/BV15V411i7qQ
136,BV1gt4y1z7sg,【主义主义】排他的“集体主义”（1-3-3-3）：冒充集体主义的自私，看似理性冷静的疯狂，自视宽容仁慈的邪恶,2021-02-08,94501,53:54,人文历史,,https://www.bilibili.com/video/BV1gt4y1z7sg
138,BV1vh411C7hx,【主义主义】厌女症-虚无主义（1-3-3-4）：叔本华的唯意志主义，酸臭文人的最后归宿，康德黑格尔笑掉大牙：“凭你也配谈哲学？”,2021-02-08,296195,52:09,人文历史,,https://www.bilibili.com/video/BV1vh411C7hx
139,BV14K4y1n7o7,【主义主义】直觉主义、体验主义、意识流（1-3-4）——浪子、浪女和后浪们的【浪之哲学】我有故事你有酒吗，柏格森忽悠法国少妇的版本答案，《论意识流的泥石流性》,2021-02-09,79698,68:03,社科·法律·心理,,https://www.bilibili.com/video/BV14K4y1n7o7
140,BV1TX4y157ry,【十分钟哲学】四种表象（讲解齐泽克《Ticklish Subject》第197-198页的一段，截取自【主义主义】的1-3-4）,2021-02-09,21209,12:57,人文历史,,https://www.bilibili.com/video/BV1TX4y157ry
141,BV1ci4y1T7AX,【主义主义】伦理行动主义（1-3-4-1）：乡村教师的“真善美”“耕耘内在心灵”的哲学，冲泡无数语文作文的浓汤宝，倭铿《人生的意义与价值》的无意义和无价值,2021-02-11,61920,54:04,社科·法律·心理,,https://www.bilibili.com/video/BV1ci4y1T7AX
142,BV1Kt4y1z7WU,【主义主义·纯娱乐番外】爱情大全（祝大家牛年大吉！）,2021-02-11,142311,91:06,社科·法律·心理,,https://www.bilibili.com/video/BV1Kt4y1z7WU
143,BV1oN411R78y,【主义主义】随笔主义（1-3-4-2）—— 写日记的矜持少女，易于陷入的意识形态，穆齐尔《没有个性的人》，一个现象学时间性分析,2021-02-13,93871,60:32,人文历史,,https://www.bilibili.com/video/BV1oN411R78y
146,BV1dA411T7xD,【主义主义】唯美主义（1-3-4-3）【爱欲经济学第四讲】美色的终极奥秘,2021-02-14,320435,102:03,人文历史,,https://www.bilibili.com/video/BV1dA411T7xD
147,BV1tK4y1Q7rp,【主义主义】颓废主义（1-3-4-4）——“事后圣如佛”是怎么一回事？享乐和审美过度充盈之后产生的倒错,2021-02-15,118945,48:11,社科·法律·心理,,https://www.bilibili.com/video/BV1tK4y1Q7rp
149,BV1vK4y1n7cy,【主义主义】平庸主义（1-4）——你为什么怎么也学不进哲学？前反思者中的拒绝反思者，你为什么如此平庸？,2021-02-15,201536,21:11,人文历史,,https://www.bilibili.com/video/BV1vK4y1n7cy
150,BV1qv4y1Z7rr,【主义主义】当代自然主义（1-4-1）：“反正科学可以解释一切，就干脆放弃思考吧”，为什么分析哲学【总体上】不是哲学，而是学术体系下的帮佣,2021-02-17,53719,57:58,人文历史,,https://www.bilibili.com/video/BV1qv4y1Z7rr
151,BV1iv411a7Gi,【主义主义】和平主义（1-4-1-1）——拒斥一切暴力，所谓《无本体论的伦理学》,2021-02-18,43581,23:46,人文历史,,https://www.bilibili.com/video/BV1iv411a7Gi
152,BV1JX4y1577c,【主义主义】客观主义（1-4-1-2）——最赤裸裸的精英主义，从母国叛逃，连康德都弄不明白的骗子哲学家安·兰德，无良出版商的摇钱树,2021-02-18,81650,27:13,社科·法律·心理,,https://www.bilibili.com/video/BV1JX4y1577c
153,BV1gi4y1T7yg,【主义主义】复习课：十六种庸俗的唯我论,2021-02-19,44294,37:29,人文历史,,https://www.bilibili.com/video/BV1gi4y1T7yg
154,BV1ii4y1T7Hc,【主义主义】沉默主义（1-4-1-3）——我们为什么会沉默？ 相互误解的两种沉默,2021-02-20,48044,45:26,人文历史,,https://www.bilibili.com/video/BV1ii4y1T7Hc
156,BV1wv411Y7Te,【主义主义】蒙昧主义（1-4-1-4）——大知识分子们刻意生产的愚蠢，深藏不露的大师们的压箱底哲学，列奥·斯特劳斯向麦卡锡交的投名状,2021-02-20,46709,31:58,人文历史,,https://www.bilibili.com/video/BV1wv411Y7Te
157,BV1Wb4y1R7Xt,【主义主义】世俗人道主义（1-4-2）——人类自己拯救自己，反对自然主义的等级制，追求人类大同平等的大众哲学，但又不可避免陷入二元对立,2021-02-21,38309,36:30,人文历史,,https://www.bilibili.com/video/BV1Wb4y1R7Xt
161,BV1zp4y1n7Nv,【主义主义】纵容主义（1-4-2-1）——西欧发达国家的主流意识形态，白左的精神家园：“废除死刑”背后的意识形态阴谋,2021-02-22,55171,40:05,人文历史,,https://www.bilibili.com/video/BV1zp4y1n7Nv
162,BV1Mp4y1W7Fa,【主义主义】多元文化主义（1-4-2-2）——魔鬼的圣典，当代全球资本的原教旨主义意识形态,2021-02-23,64284,54:42,财经商业,,https://www.bilibili.com/video/BV1Mp4y1W7Fa
163,BV1eA411M7qe,【主义主义】环保主义（1-4-2-3）——环保主义就是人类中心主义，属于少数人的“人类”观，属于大工业的“自然”观,2021-02-24,48782,61:42,人文历史,,https://www.bilibili.com/video/BV1eA411M7qe
166,BV1Lh411k7M4,【爱欲经济学】5、性倒错的种类和机制【主义主义】1-4-2-4 性解放主义：人道主义必然走向的虚无主义,2021-02-25,197549,139:50,人文历史,,https://www.bilibili.com/video/BV1Lh411k7M4
168,BV1zh411k7xi,【主义主义】心理主义（1-4-3）——知识分子们成功地让大众们以为掌握了心理学，就掌握了自己的人生,2021-02-26,57956,51:45,社科·法律·心理,,https://www.bilibili.com/video/BV1zh411k7xi
169,BV1dU4y1H7xu,【主义主义】情绪主义（1-4-3-1）——“情商”、“情绪管理”、“做人嘛开心最重要”背后的意识形态,2021-02-27,103965,66:08,社科·法律·心理,,https://www.bilibili.com/video/BV1dU4y1H7xu
171,BV1vV411v7wR,【主义主义】心理正常主义（1-4-3-2）——自以为“正常”，面对“反常”脱口而出“精神B”“神经B”“脑子有WT”的人所陷入的庸俗意识形态,2021-02-28,60951,60:45,社科·法律·心理,,https://www.bilibili.com/video/BV1vV411v7wR
173,BV1jf4y147hE,【主义主义】泛性主义（1-4-3-3）——大众对于精神分析的普遍误解,2021-03-01,47881,43:15,人文历史,,https://www.bilibili.com/video/BV1jf4y147hE
176,BV1Tp4y1H7kc,【主义主义】密契女性主义（1-4-3-4）——真正的女性主义者应当首先批判的假“女性主义”：作为男权幻想和爱欲/审美压迫工具的神秘的“女性本质”,2021-03-02,68910,34:10,社科·法律·心理,,https://www.bilibili.com/video/BV1Tp4y1H7kc
177,BV1BA411K71M,【主义主义】庸俗主义（1-4-4）——人为什么会变得庸俗？变得比平庸更平庸。家里有娃的必看。,2021-03-03,85560,47:51,人文历史,,https://www.bilibili.com/video/BV1BA411K71M
178,BV1P54y1a7DR,【主义主义】顺从主义（1-4-4-1）——“小人”的哲学，随大流、随波逐流、占小便宜、沾沾自喜、“人家都这样”背后的隐秘机制,2021-03-04,62242,36:10,社科·法律·心理,,https://www.bilibili.com/video/BV1P54y1a7DR
180,BV1ey4y1a7ps,【主义主义】粗俗主义（1-4-4-2）——爱说脏话的色鬼和赌狗的意识形态，及其产生的原因,2021-03-05,180037,61:23,社科·法律·心理,,https://www.bilibili.com/video/BV1ey4y1a7ps
182,BV1aX4y1V7nF,【主义主义】四重竞争主义（Fourfold Agonism）——赢！胜利！牛逼！厉害！666！“争强好胜”的四种形式：胜利主义、躺赢主义、完胜主义与对抗,2021-03-06,55766,52:26,人文历史,,https://www.bilibili.com/video/BV1aX4y1V7nF
184,BV1tz4y1177m,【主义主义】形而下学的终点，形而上学的入口；复仇主义（1-4-4-4）——最神圣的庸俗，最沉重的肤浅,2021-03-07,96002,63:23,人文历史,,https://www.bilibili.com/video/BV1tz4y1177m
185,BV1vv411h7kx,【主义主义】复习课2：平凡主义（1-4）四大类十六种普通人所陷入意识形态,2021-03-07,38885,41:16,人文历史,,https://www.bilibili.com/video/BV1vv411h7kx
186,BV1cy4y1E77f,【主义主义】哲学的二阶论域：进入形而上学的准备工作（四种形而上学的由来）,2021-03-08,73052,27:14,人文历史,,https://www.bilibili.com/video/BV1cy4y1E77f
188,BV19A411K7qX,【主义主义】形而上学（2）——古代贵族的精神冒险，背景性的符号秩序与它自己的对立，比下（形而下学）有余，比上（观念论）不足,2021-03-09,84139,41:56,人文历史,,https://www.bilibili.com/video/BV19A411K7qX
189,BV19v411h7VP,【主义主义】在场形而上学（2-1）——宰制西方精神数千年的形而上学范式,2021-03-09,108233,44:37,人文历史,,https://www.bilibili.com/video/BV19v411h7VP
191,BV13b4y197gc,【主义主义】普遍主义（2-1-1）——泰勒斯真正的宝藏，哲学、科学、数学、逻辑学的共同本源,2021-03-10,73354,41:02,人文历史,,https://www.bilibili.com/video/BV13b4y197gc
193,BV17h411Q7kQ,【主义主义】阿派朗（无界限）主义（2-1-1-1）——哲学针对“地水火风”元素论的正面挑战,2021-03-11,43134,29:16,人文历史,,https://www.bilibili.com/video/BV17h411Q7kQ
195,BV1Mp4y1h735,【主义主义】气动一元论（2-1-1-2）——阿那克西美尼的哲学制毡术，气象万千之中隐藏的秘密,2021-03-12,39154,39:56,人文历史,,https://www.bilibili.com/video/BV1Mp4y1h735
197,BV1jN411Q7P1,【主义主义】分形多元论（2-1-1-3）——千古之谜：何为努斯？客观精神如何实体化？阿那克萨戈拉的分形几何与连续统思想,2021-03-13,50263,52:21,人文历史,,https://www.bilibili.com/video/BV1jN411Q7P1
198,BV1vZ4y1w7yQ,【主义主义】形而上辩证主义（2-1-1-4）——赫拉克利特因何哭泣？火焰与灰烬的哲学，辩证法的开端,2021-03-14,52011,57:48,人文历史,,https://www.bilibili.com/video/BV1vZ4y1w7yQ
200,BV1ty4y1E76u,【主义主义】本质主义（2-1-2）——存在、虚无、无限、万物，太一与命运赐予它的锁链：巴门尼德的真理之路,2021-03-16,61632,51:50,人文历史,,https://www.bilibili.com/video/BV1ty4y1E76u
201,BV1Hf4y1t7E8,【主义主义】伦理智性主义（2-1-2-1）——苏格拉底的哲学，“知识助产术”、“知识即美德”、“爱欲是唯一的知识”、“哲学就是练习面对死亡”,2021-03-16,49344,48:19,人文历史,,https://www.bilibili.com/video/BV1Hf4y1t7E8
203,BV1Jf4y1t7PA,【主义主义】理念实在论/理想现实主义（2-1-2-2）——柏拉图：追求完美的形而上学，注定残酷的政治理想,2021-03-17,53029,52:55,人文历史,,https://www.bilibili.com/video/BV1Jf4y1t7PA
204,BV1HA411N7fe,【主义主义】范畴实在论/绝对现实主义（2-1-2-3）——亚里士多德的把戏，老学究的帝师哲学，奴隶主的自我陶醉,2021-03-18,47649,63:40,人文历史,,https://www.bilibili.com/video/BV1HA411N7fe
205,BV1Eb4y1Q7tG,【十分钟哲学】芝诺悖论所对应的四种（或五种）时间观（结合【主义主义】2-1-2-4理解）,2021-03-19,29722,08:58,人文历史,,https://www.bilibili.com/video/BV1Eb4y1Q7tG
206,BV1gh411X72y,【主义主义】多产的不动论（2-1-2-4）——如何理解四个芝诺悖论,2021-03-19,49609,98:56,人文历史,,https://www.bilibili.com/video/BV1gh411X72y
207,BV1Cb4y197EZ,【主义主义】合理主义（2-1-3）——毕达哥拉斯的伟大，不止是“万物皆数”，而是人类理智史上的奇迹,2021-03-20,48098,57:39,人文历史,,https://www.bilibili.com/video/BV1Cb4y197EZ
208,BV1Gh411X7bK,【主义主义】反应多元论（2-1-3-1）——要有多蠢，才会把恩培多克勒理解为四元素说,2021-03-22,30753,70:04,人文历史,,https://www.bilibili.com/video/BV1Gh411X7bK
209,BV1zy4y147Q2,【主义主义】贫乏的原子论（2-1-3-2）——太一分形，虚空降世，德谟克利特的笑与瞎,2021-03-22,30919,54:34,人文历史,,https://www.bilibili.com/video/BV1zy4y147Q2
211,BV1jZ4y1A7yC,【主义主义】智性享乐主义（2-1-3-3）——伊壁鸠鲁的哲学：降服欲望、坦然面对死亡,2021-03-23,53842,41:20,人文历史,,https://www.bilibili.com/video/BV1jZ4y1A7yC
212,BV1gK4y1S7aZ,【主义主义】犬儒主义（2-1-3-4）——真正的犬儒主义=极致的理性主义。安提斯泰尼与第欧根尼，苏格拉底的另类师徒孙,2021-03-24,65728,43:15,人文历史,,https://www.bilibili.com/video/BV1gK4y1S7aZ
215,BV1qi4y1P7Pt,【主义主义】绝对主义（2-1-4）——普罗泰格拉：“人是万物的尺度”，为什么是绝对主义，而不是相对主义？,2021-03-25,34934,27:47,人文历史,,https://www.bilibili.com/video/BV1qi4y1P7Pt
216,BV1ty4y1h7w9,【主义主义】相对主义（2-1-4-1）——学会高尔吉亚的修辞学与辩护术，所有的辩论赛不过是游戏,2021-03-26,49995,50:42,人文历史,,https://www.bilibili.com/video/BV1ty4y1h7w9
218,BV11K4y127B3,【主义主义】怀疑主义（2-1-4-2）——皮浪的哲学，智力英雄必备技能：探求“不动心”的平衡游戏；君主、辅臣、将领、幕僚的必修课,2021-03-28,48014,49:05,人文历史,,https://www.bilibili.com/video/BV11K4y127B3
219,BV1ZB4y1A7aC,【主义主义】记忆主义（2-1-4-3）——记忆术+雄辩术；希庇亚的哲学：捕捉、保存、创造无限,2021-03-29,35887,63:56,人文历史,,https://www.bilibili.com/video/BV1ZB4y1A7aC
220,BV1ZX4y137kR,【主义主义】话语主义（2-1-4-4）——在场形而上学的终结，对真理的解构性把握，最早的精神分析师：安提丰,2021-03-30,78757,46:37,人文历史,,https://www.bilibili.com/video/BV1ZX4y137kR
223,BV1wU4y1Y7kJ,【主义主义】辩证形而上学（2-2）——把握时间、把握虚无、把握否定性的存在,2021-03-31,40773,25:12,人文历史,,https://www.bilibili.com/video/BV1wU4y1Y7kJ
224,BV1TK4y1m7BH,【主义主义】无限主义（2-2-1）——唯有时间无限，大雄与释迦的觉醒中包含的全新形而上学,2021-04-01,52055,59:08,人文历史,,https://www.bilibili.com/video/BV1TK4y1m7BH
225,BV1Mp4y187Ym,【主义主义】分子业力学（2-2-1-1）——耆那教和原始佛教关于业力、意识、轮回与解脱的纵向形而上学；看完不用吃罗汉果,2021-04-01,57781,54:35,人文历史,,https://www.bilibili.com/video/BV1Mp4y187Ym
227,BV1kU4y187RS,【主义主义】永恒时态主义（2-2-1-2）——时间相位转移的形而上学：小乘有宗“说一切有部”,2021-04-03,37331,66:02,人文历史,,https://www.bilibili.com/video/BV1kU4y187RS
229,BV1Z5411w7wu,【主义主义】经量部的种子形而上学（2-2-1-3）——乔达摩·悉达多哲学的饮鸩止渴,2021-04-04,42500,95:39,人文历史,,https://www.bilibili.com/video/BV1Z5411w7wu
230,BV1mZ4y1F7hG,【主义主义】摩尔唯心主义（2-2-1-4）——唯识论的回光返照，阿赖耶的千古悲歌,2021-04-05,51650,94:05,人文历史,,https://www.bilibili.com/video/BV1mZ4y1F7hG
231,BV1Ei4y1N712,【主义主义番外篇】佛教哲学与道家哲学的根本差别（从2-2-1到2-2-2）：为什么佛教哲学是一种在场形而上学残余,2021-04-05,94991,37:33,人文历史,,https://www.bilibili.com/video/BV1Ei4y1N712
232,BV19v41187KL,【主义主义】否定主义（2-2-2）——道家哲学的至高法要：太一生水,2021-04-06,97114,78:48,人文历史,,https://www.bilibili.com/video/BV19v41187KL
233,BV1d64y1U7rz,【主义主义】无为主义（2-2-2-1）——老子的哲学,2021-04-06,77371,51:29,人文历史,,https://www.bilibili.com/video/BV1d64y1U7rz
236,BV1gK4y1m7vV,【主义主义】积极的神秘主义（2-2-2-2）——庄子的哲学,2021-04-08,68836,16:49,人文历史,,https://www.bilibili.com/video/BV1gK4y1m7vV
239,BV12B4y1w7MY,【主义主义】人道的自然主义（2-2-2-3）——杨朱：“拔一毛而利天下，弗为也”,2021-04-09,40935,29:00,人文历史,,https://www.bilibili.com/video/BV12B4y1w7MY
240,BV17U4y1h7Gx,【主义主义】实用的神秘主义（2-2-2-4）——韩非子的道家魔法，战国顶级贵族子弟接受的神秘学教育,2021-04-10,48913,57:13,人文历史,,https://www.bilibili.com/video/BV17U4y1h7Gx
241,BV1pK411F7F7,【主义主义】超验主义（2-2-3）——辩证形而上学的荣耀：为个体带来心灵解脱，为共同体激发“国运”,2021-04-10,38963,46:17,人文历史,,https://www.bilibili.com/video/BV1pK411F7F7
243,BV1154y1b7Bb,【主义主义】历史符号主义（2-2-3-1）——以《周易》为代表的形而上学范式,2021-04-12,63921,54:08,人文历史,,https://www.bilibili.com/video/BV1154y1b7Bb
244,BV17h411U7aA,【主义主义】形而上神秘主义（2-2-3-2）——手把手教你用哲学识破那些看似精巧的神秘主义形而上学大厦,2021-04-12,43952,25:52,人文历史,,https://www.bilibili.com/video/BV17h411U7aA
245,BV1Ri4y1w7eU,【主义主义】理性唯灵论（2-2-3-3）——三流诗人为现代社会炮制的拧绳形而上学；音乐的形而上学结构,2021-04-13,27499,51:06,人文历史,,https://www.bilibili.com/video/BV1Ri4y1w7eU
246,BV1oA41157Pn,【主义主义】诗的形而上学（2-2-3-4）——用哲学破解诗歌的奥秘，每首诗都是一个微型形而上学体系,2021-04-14,42456,48:23,人文历史,,https://www.bilibili.com/video/BV1oA41157Pn
247,BV1Xh411U74z,【主义主义】反二元对立（2-2-4）：哲学极速上手秘籍，手把手教你进行真正的哲学思考，随时随地搭建形而上学矩阵进行哲学运思,2021-04-16,71347,40:51,人文历史,,https://www.bilibili.com/video/BV1Xh411U74z
248,BV14v41177kC,【主义主义】龙树《中论》讲解——具有伦理热忱的虚无主义（2-2-4-1）：龙树如何破除二元（三元/四元）对立,2021-04-16,81069,108:43,人文历史,,https://www.bilibili.com/video/BV14v41177kC
249,BV1mp4y1t7YA,【主义主义】可辩的道德箴言（2-2-4-2）——塔木德的形而上学结构，犹太人睿智的伦理热忱,2021-04-18,24692,49:29,人文历史,,https://www.bilibili.com/video/BV1mp4y1t7YA
250,BV1fp4y1t7Bo,【主义主义】新实用主义（2-2-4-3）——理查德罗蒂：用真诚代替真理，用修辞代替神话,2021-04-18,29663,51:58,人文历史,,https://www.bilibili.com/video/BV1fp4y1t7Bo
251,BV1864y1m7Xt,【主义主义】惠施哲学精讲：“方中方睨”“方生方死”到底是什么意思——原始的现象学/分析哲学（2-2-4-4）,2021-04-20,49305,131:54,人文历史,,https://www.bilibili.com/video/BV1864y1m7Xt
253,BV1pK411c7dC,【主义主义】我思形而上学（2-3）——笛卡尔的梦魇，斯宾诺莎的宁静，科学的摇篮，形而上学的坟墓,2021-04-20,47691,15:45,人文历史,,https://www.bilibili.com/video/BV1pK411c7dC
254,BV1H64y1i72N,【主义主义复习课】前现代的辩证思维：辩证形而上学（2-2）四大类共十六种,2021-04-20,23202,38:17,人文历史,,https://www.bilibili.com/video/BV1H64y1i72N
257,BV1P54y1j7HL,【主义主义】奥卡姆的剃刀到底是什么？认识论上完全不反思的形而上学：实体一元论（2-3-1）,2021-04-22,75763,39:20,人文历史,,https://www.bilibili.com/video/BV1P54y1j7HL
258,BV15V411J7AV,【主义主义】论渊博的无知性——渐进无限主义（2-3-1-1）：库萨的尼古拉的一元论形而上学，启发了康德的批判哲学与伦理学,2021-04-23,26666,31:37,人文历史,,https://www.bilibili.com/video/BV15V411J7AV
259,BV1B5411c7hW,【主义主义】布鲁诺究竟因何而死？——运动的静止主义（2-3-1-2）对亚里士多德体系重拳出击，启发了牛顿和伽利略的哲学,2021-04-24,24775,24:37,人文历史,,https://www.bilibili.com/video/BV1B5411c7hW
260,BV1ch411m7aM,【主义主义】实体整体主义（2-3-1-3）——斯宾诺莎的哲学确实是好东西,2021-04-25,74355,47:16,人文历史,,https://www.bilibili.com/video/BV1ch411m7aM
261,BV11q4y1E7WP,【主义主义】辩证一元论（2-3-1-4）：史上最强民哲、德意志第一位哲学家——波墨，越过康德直抵费希特、谢林、黑格尔,2021-04-26,47756,42:08,人文历史,,https://www.bilibili.com/video/BV11q4y1E7WP
262,BV1cv411j7qQ,【主义主义】心物二元论（2-3-2）：一切形而上学的没落之路,2021-04-27,33039,21:40,人文历史,,https://www.bilibili.com/video/BV1cv411j7qQ
263,BV1YZ4y1F7z1,【主义主义番外】我思、主体性、认识论、先验转向：如何超越形而上学（2） 走向观念论（3）简述笛卡尔、康德的哲学史地位,2021-04-27,46087,15:12,人文历史,,https://www.bilibili.com/video/BV1YZ4y1F7z1
264,BV1Mh411m765,【主义主义】理性动物主义（2-3-2-1）：比亚里士多德还要亚里士多德的托马斯·阿奎那,2021-04-28,33552,43:33,人文历史,,https://www.bilibili.com/video/BV1Mh411m765
266,BV1f84y1F7Wx,【主义主义】理性神秘主义（2-3-2-2）：埃克哈特大师——中期海德格尔的英雄，现代主体性的先驱,2021-04-29,32826,52:53,人文历史,,https://www.bilibili.com/video/BV1f84y1F7Wx
267,BV1YB4y1c7vH,【主义主义】超越的内在论（2-3-2-3）——路德据以掀起惊涛骇浪的现代精神,2021-04-30,26061,41:14,人文历史,,https://www.bilibili.com/video/BV1YB4y1c7vH
268,BV1np4y1b7YJ,【主义主义】现代理性主义（2-3-2-4）——一切现代哲学与科学的开端：笛卡尔为什么伟大，又在哪里蛇皮,2021-05-02,75914,82:59,人文历史,,https://www.bilibili.com/video/BV1np4y1b7YJ
269,BV1TN411f7Uo,【主义主义】单子主义（2-3-3）——现代科学的形而上学基础：莱布尼兹是如何把笛卡尔的内在封闭的机械性转化为外在孤立的并列关系的,2021-05-02,32888,32:03,人文历史,,https://www.bilibili.com/video/BV1TN411f7Uo
271,BV1mK4y1w7SL,【主义主义】前定主义（2-3-3-1）——为什么莱布尼兹不够莱布尼兹主义，而黑格尔才是真正的莱布尼兹主义,2021-05-04,30478,45:26,人文历史,,https://www.bilibili.com/video/BV1mK4y1w7SL
272,BV1AQ4y1f72y,【主义主义】体系完美主义（2-3-3-2）——沃尔夫并不那么蛇皮，他与康德可谓互有短长,2021-05-05,26031,33:03,人文历史,,https://www.bilibili.com/video/BV1AQ4y1f72y
273,BV1SA41137C8,【主义主义】逻辑原子主义：为什么罗素是一个蹩脚的前现代形而上学家,2021-05-05,71034,69:21,人文历史,,https://www.bilibili.com/video/BV1SA41137C8
276,BV1h64y127xS,【主义主义】分隔的整体主义（2-3-3-4）——叔本华悲观主义背后的形而上学根源,2021-05-07,43194,62:32,人文历史,,https://www.bilibili.com/video/BV1h64y127xS
277,BV1vo4y127Kn,【主义主义】宇宙平等主义（2-3-4）——哥白尼革命/公转的伟大的科学史、思想史意义,2021-05-08,25005,20:47,人文历史,,https://www.bilibili.com/video/BV1vo4y127Kn
279,BV13541137AF,【主义主义】数理还原主义（2-3-4-1）——伽利略的科学成就和不足背后的形而上学原因,2021-05-09,23786,28:34,人文历史,,https://www.bilibili.com/video/BV13541137AF
280,BV1fb4y1Z7Zm,【主义主义】稳定的干涉主义（2-3-4-2）：牛顿的形而上学，理解牛顿思想的关键，也是当时英国的时代精神,2021-05-10,27296,26:26,人文历史,,https://www.bilibili.com/video/BV1fb4y1Z7Zm
281,BV13K411F7bH,【主义主义】物理归纳主义（2-3-4-3）——培根：知识就是力量，而且是一种魔法力量,2021-05-10,23726,34:09,人文历史,,https://www.bilibili.com/video/BV13K411F7bH
283,BV1po4y1m78H,【主义主义】时空绝对主义（2-3-4-4）——伽森狄：盖过笛卡尔，化身马克思，17世纪最伟大的哲学家,2021-05-12,29056,31:58,人文历史,,https://www.bilibili.com/video/BV1po4y1m78H
284,BV1pV411E74v,【主义主义】学哲学必须绕开的陷阱：反形而上学（2-4）嘴巴上不承认自己是形而上学的形而上学,2021-05-13,83078,34:21,人文历史,,https://www.bilibili.com/video/BV1pV411E74v
285,BV12f4y1a7ZV,【主义主义】经验主义（2-4-1）——霍布斯的极简形而上学：利维坦和契约论的哲学基础,2021-05-14,37439,38:12,人文历史,,https://www.bilibili.com/video/BV12f4y1a7ZV
288,BV1Sp4y147je,【主义主义】我思形而上学复习课（2-3）：现代哲学的开胃菜，康德的四位先驱,2021-05-14,27976,30:58,人文历史,,https://www.bilibili.com/video/BV1Sp4y147je
289,BV1V54y1L7sy,【主义主义】乐于接受的小体主义（2-4-1-1）——波义耳、聪明而怯懦者的形而上学,2021-05-16,26918,48:04,人文历史,,https://www.bilibili.com/video/BV1V54y1L7sy
290,BV1NQ4y1o7iH,【主义主义】“心灵是一块白板”绝大多数人都理解错了！洛克：观念论运动与先验哲学的伟大先驱——经验的观念论（2-4-1-2）,2021-05-17,37804,41:02,人文历史,,https://www.bilibili.com/video/BV1NQ4y1o7iH
291,BV1X5411u79k,【主义主义】“存在即被感知”到底是什么意思？贝克莱真的不是“主观唯心主义”：理念-精神二元论（2-4-1-3）,2021-05-18,42678,58:23,人文历史,,https://www.bilibili.com/video/BV1X5411u79k
292,BV11Q4y1o7EY,【主义主义】人类有限主义（2-4-1-4）——休谟的偷天换日计划，远不止经验主义怀疑论,2021-05-19,55264,47:46,人文历史,,https://www.bilibili.com/video/BV11Q4y1o7EY
293,BV1o5411u7B4,【主义主义】实证主义（2-4-2）——为人性筑起圣坛，科学哲学、社会学创始人孔德的形而上学,2021-05-19,124490,31:34,人文历史,,https://www.bilibili.com/video/BV1o5411u7B4
296,BV1EV411j7Nc,【主义主义】自然主义的观念论（2-4-2-1）——经典布尔乔亚形而上学：约翰·穆勒的本体论、认识论与道德论,2021-05-21,28290,68:08,人文历史,,https://www.bilibili.com/video/BV1EV411j7Nc
297,BV195411u7W8,【主义主义】社会实证主义（2-4-2-2）——现代社会学的形而上学背景是谁干的？涂尔干的局限与失败,2021-05-21,30757,94:10,人文历史,,https://www.bilibili.com/video/BV195411u7W8
298,BV1iy4y1W7sg,【主义主义】自然神论的实证主义（2-4-2-3）——斯宾塞的绅士哲学，绝非社会达尔文主义，亦非安那其先驱,2021-05-23,26811,51:39,人文历史,,https://www.bilibili.com/video/BV1iy4y1W7sg
299,BV1Rv41157bZ,【主义主义】科学的实证主义（2-4-2-4）——马赫的蛇皮哲学，蕴含着巨大的危险，被逻辑实证主义误解，也算是因祸得福,2021-05-23,29878,47:53,人文历史,,https://www.bilibili.com/video/BV1Rv41157bZ
300,BV19h411Y7bv,【主义主义】致分哲小将2.0——为什么分析哲学不应该继续叫做分析哲学，为什么分析哲学不应该做逻辑实证主义的护教学：已然失败的逻辑实证主义（2-4-3）,2021-05-24,75449,111:57,人文历史,,https://www.bilibili.com/video/BV19h411Y7bv
301,BV18V41177Fh,【主义主义】相对语法主义（2-4-3-1）——维也纳学派创始人&逻辑实证主义运动发起人之一，石里克用逻辑语法建造的乖宝宝形而上学,2021-05-26,18982,52:29,人文历史,,https://www.bilibili.com/video/BV18V41177Fh
303,BV1SA411g7hT,【主义主义】逻辑还原主义（2-4-3-2）——卡尔纳普在美国安身立命的吃饭家伙,2021-05-27,21142,52:53,人文历史,,https://www.bilibili.com/video/BV1SA411g7hT
306,BV1yA411g7aY,【主义主义】逻辑行为主义（2-4-3-3）——日常语言学派是如何继续逻辑实证主义的勾当的,2021-05-28,18359,31:18,人文历史,,https://www.bilibili.com/video/BV1yA411g7aY
307,BV1sK4y1R7fu,【主义主义】逻辑反实在论（2-4-3-4）——整个实证主义计划，被一个好人埋葬，古德曼（Goodman）的多重版本-世界理论,2021-05-28,16670,31:17,人文历史,,https://www.bilibili.com/video/BV1sK4y1R7fu
308,BV1A5411g7Rh,【主义主义】实用主义（2-4-4）——杜威哲学的形而上学预设,2021-05-29,44500,35:52,人文历史,,https://www.bilibili.com/video/BV1A5411g7Rh
309,BV1bK4y1R7so,【主义主义】逻辑实用主义（2-4-4-1）——如何在学术界风生水起名利双收？奎因的小聪明形而上学,2021-05-31,27863,51:20,人文历史,,https://www.bilibili.com/video/BV1bK4y1R7so
310,BV1SN411Z7Ru,【主义主义】原来“形而上学”才是真正的辩证法：论辩证法的片面、静止、只有量变和二元对立——正统辩证唯物主义（2-4-4-2）,2021-05-31,207364,65:50,人文历史,,https://www.bilibili.com/video/BV1SN411Z7Ru
311,BV1Vb4y1Z7Vx,【主义主义】何为语言：符号实用主义（2-4-4-3）：只要会说话就一定会掌握的一门形而上学；共同体在现代化中必然采取的符号学策略,2021-06-01,57349,76:21,人文历史,,https://www.bilibili.com/video/BV1Vb4y1Z7Vx
312,BV1wq4y177u6,【主义主义】揭秘禅宗的奥秘，参话头技术指南，前现代的分析师话语：生存实用主义（2-4-4-4）——Language背后的Lalangue机制,2021-06-03,112028,63:48,人文历史,,https://www.bilibili.com/video/BV1wq4y177u6
313,BV1fB4y1u7jY,【主义主义】自以为是“鹤立鸡群”的哲学：一元论诺斯替主义（1-2-1-3）——看华伦提诺是如何剑走偏锋另辟蹊径却终究功亏一篑的,2021-06-04,76671,30:54,人文历史,,https://www.bilibili.com/video/BV1fB4y1u7jY
314,BV1TU4y1j7U4,【主义主义】市井小民幻想大人物“微服私访”之后会体恤民情的哲学：模态位格一元论（1-2-1-4）,2021-06-04,61442,38:12,人文历史,,https://www.bilibili.com/video/BV1TU4y1j7U4
315,BV1py4y137ag,【主义主义】偶像崇拜（1-2-2）——崇拜偶像的符号学机制：为什么脑残粉相比自恋狂是一种进步，为什么崇拜者归根结底是在逃避自己,2021-06-06,131370,45:01,人文历史,,https://www.bilibili.com/video/BV1py4y137ag
316,BV1dU4y1L7n8,【主义主义】传殖主义（1-2-2-1）——祖先和血脉崇拜背后的意识形态机制,2021-06-07,60239,50:33,人文历史,,https://www.bilibili.com/video/BV1dU4y1L7n8
317,BV17q4y177QH,【主义主义】奇美拉、龙、麒麟、三头六臂……缝合怪崇拜的起源及背后的符号学机制：部分主义（1-2-2-2）,2021-06-08,40195,52:37,人文历史,,https://www.bilibili.com/video/BV17q4y177QH
318,BV1Hg411G7C3,【主义主义】拜物教（1-2-2-3）——读懂资本论的必修课：物神崇拜的符号学功能；偶像崇拜的第三种形式,2021-06-09,114897,49:18,人文历史,,https://www.bilibili.com/video/BV1Hg411G7C3
319,BV1zw411Z74z,【主义主义】偶像崇拜的终极形式：时间崇拜（1-2-2-4）——论时间之神Aion、狄奥尼索斯与奥菲欧斯的三位一体，节庆、永恒、往生、死亡崇拜背后的意识形态机制,2021-06-09,58016,47:07,人文历史,,https://www.bilibili.com/video/BV1zw411Z74z
320,BV1T5411u7oo,【主义主义】唯灵论（1-2-3）——所谓“灵修”不过是人的好奇与自私所支撑的意识形态,2021-06-11,44915,57:23,人文历史,,https://www.bilibili.com/video/BV1T5411u7oo
321,BV1RK4y1X7HL,【主义主义】为什么追求永生或厌弃生命都是完全没有必要的——永生主义（1-2-3-1）,2021-06-11,123820,46:10,人文历史,,https://www.bilibili.com/video/BV1RK4y1X7HL
322,BV1sh411a7zu,【主义主义】回归式唯灵论（1-2-3-2）——中二病轻信小道消息，灵界异闻录炮制指南,2021-06-12,34524,27:49,人文历史,,https://www.bilibili.com/video/BV1sh411a7zu
324,BV1mw411Z7eX,【主义主义】魔法师主义（1-2-3-3）——为什么魔法归根结底是一种自恋的、倒错的癔症,2021-06-14,96289,68:30,人文历史,,https://www.bilibili.com/video/BV1mw411Z7eX
325,BV1zv411p71H,【主义主义】弃绝主义（1-2-3-4）解脱痛苦追求涅槃 意识的符号学机制,2021-06-15,49982,58:00,人文历史,,https://www.bilibili.com/video/BV1zv411p71H
326,BV1GM4y1u7jq,【主义主义】反偶像崇拜（1-2-4）——揭秘“信仰钢印”背后的意识形态机制,2021-06-16,62971,42:06,人文历史,,https://www.bilibili.com/video/BV1GM4y1u7jq
327,BV1uM4y1u7EL,【主义主义】作为信仰的命定论（1-2-4-1）——如何用哲学理解祥林嫂？,2021-06-16,37277,40:26,人文历史,,https://www.bilibili.com/video/BV1uM4y1u7EL
328,BV1iU4y1573U,【主义主义】尼采因何而疯？最危险、最廉价的意识形态，意识产生之前的人格化的符号学机制：救世主义（1-2-4-2）,2021-06-18,169390,48:16,人文历史,,https://www.bilibili.com/video/BV1iU4y1573U
329,BV1G64y1d7KW,【主义主义】神智论（1-2-4-3）——连线大他者的远程协助,2021-06-18,34895,56:43,人文历史,,https://www.bilibili.com/video/BV1G64y1d7KW
330,BV1eK4y1u7qT,【主义主义】神圣的爱（1-2-4-4）——永不失败的“爱情”：对大他者的一厢情愿,2021-06-20,93997,49:56,人文历史,,https://www.bilibili.com/video/BV1eK4y1u7qT
331,BV1g5411T7Bc,【主义主义】观念论（3）——作为一个现代人，该怎样思考哲学,2021-06-21,185796,63:28,人文历史,,https://www.bilibili.com/video/BV1g5411T7Bc
332,BV1KK4y1g7TA,【主义主义】现象学（3-1）——胡塞尔和他的事业、拥趸、敌人,2021-06-22,143906,51:38,人文历史,,https://www.bilibili.com/video/BV1KK4y1g7TA
335,BV1uv411H7no,【主义主义】先验现象学（3-1-1）——胡塞尔的先验哲学计划,2021-06-23,142668,49:32,人文历史,,https://www.bilibili.com/video/BV1uv411H7no
337,BV115411T7GZ,【主义主义】先验直觉主义（3-1-1-1）——胡塞尔给所有意识普发的完整知识权，比经验主义更经验主义，比直觉主义更直觉主义，比先验主义更先验主义,2021-06-24,52085,45:04,人文历史,,https://www.bilibili.com/video/BV115411T7GZ
340,BV1zB4y1K7m9,【主义主义复习课】四种自以为“超越”的形而下学（1-2）,2021-06-25,59908,22:03,人文历史,,https://www.bilibili.com/video/BV1zB4y1K7m9
343,BV17V411x7mG,【主义主义】先验本质主义（3-1-1-2）——先验现象学认识论化、体系化、科学化的前提,2021-06-26,37580,27:50,人文历史,,https://www.bilibili.com/video/BV17V411x7mG
344,BV1uK4y1g7HL,【主义主义】反思性的主体主义（3-1-1-3）——胡塞尔现象学之枢纽，以及为什么胡塞尔的现象学不是一种庸俗的唯我论,2021-06-27,37802,67:24,人文历史,,https://www.bilibili.com/video/BV1uK4y1g7HL
345,BV1S5411T76u,【主义主义】准先验辩证主义（3-1-1-4）——大二时期的德里达如何挽救胡塞尔先验现象学的遗产,2021-06-28,36563,69:47,人文历史,,https://www.bilibili.com/video/BV1S5411T76u
347,BV1n5411T7Dm,【主义主义】实事现象学（3-1-2）——令现象学从哲学史走入历史，屈居二号人物的天才，舍勒,2021-06-28,32711,51:38,人文历史,,https://www.bilibili.com/video/BV1n5411T7Dm
350,BV1X64y197yk,【主义主义】如何在现象学思考中安宁地抵达彼岸：媒介性的客观主义（3-1-2-1）,2021-06-29,29273,25:08,人文历史,,https://www.bilibili.com/video/BV1X64y197yk
351,BV1e64y1b7Nc,【主义主义】本质心理主义（3-1-2-2）——心病只用心药医的本质现象学，拒斥彻底而狂妄的先验主体性,2021-07-01,31709,21:13,人文历史,,https://www.bilibili.com/video/BV1e64y1b7Nc
352,BV1gw411Z7TE,【主义主义】现象学的唯美主义（3-1-2-3）——给美学“撑腰”的现象学，来看看没背叛胡塞尔的海德格尔长什么样,2021-07-02,32372,29:04,人文历史,,https://www.bilibili.com/video/BV1gw411Z7TE
353,BV1oy4y1M7ef,【主义主义】游戏的世界象征主义（3-1-2-4）——“我玩故我在”的哲学,2021-07-02,40989,28:31,人文历史,,https://www.bilibili.com/video/BV1oy4y1M7ef
354,BV1kh411h7NN,【主义主义】生活世界现象学（3-1-3）——用主体间性取代主体性,2021-07-04,33224,35:58,人文历史,,https://www.bilibili.com/video/BV1kh411h7NN
355,BV1W64y1Q7z8,【主义主义】主体间普遍主义（3-1-3-1）——哈贝马斯的去先验化路径,2021-07-04,36478,35:54,人文历史,,https://www.bilibili.com/video/BV1W64y1Q7z8
363,BV1Ho4y1X7cp,【主义主义】本土方法论（3-1-3-2）——加芬克尔的现象学社会学：人人都有一套自己的理性,2021-07-06,23545,25:12,人文历史,,https://www.bilibili.com/video/BV1Ho4y1X7cp
365,BV1Sg411u7fs,【主义主义】格式塔现象学（3-1-3-3）——古尔维奇对胡塞尔先验现象学的掐头行动,2021-07-07,29006,27:58,人文历史,,https://www.bilibili.com/video/BV1Sg411u7fs
366,BV1KB4y1N7SF,【现象学】胡塞尔、梅洛-庞蒂、海德格尔、萨特分别是如何建构他者性与主体间性的【主义主义】当代现象学的主流范式：自身性现象学（3-1-3-4）,2021-07-08,49435,35:29,人文历史,,https://www.bilibili.com/video/BV1KB4y1N7SF
367,BV11f4y1L7Sv,【主义主义】现世的现象学（3-1-4）——泰斗之背书：晚年狄尔泰重要的现象学“遗产”,2021-07-09,22179,37:38,人文历史,,https://www.bilibili.com/video/BV11f4y1L7Sv
370,BV1944y1q7jY,【主义主义】追问的现象学（3-1-4-1）——比《存在与时间》更真诚的早期海德格尔是怎样的？,2021-07-10,31797,53:28,人文历史,,https://www.bilibili.com/video/BV1944y1q7jY
371,BV1t64y147HL,【主义主义】爱抚的哲学：性化的现象学（3-1-4-2）——不正经的萨特VS正经的胡塞尔，做那事时总要看和摸的深层机制,2021-07-11,43849,54:15,人文历史,,https://www.bilibili.com/video/BV1t64y147HL
372,BV1Yv411J7xi,【主义主义】存在论的现象学（3-1-4-3）——最丰富的现象学：梅洛-庞蒂的格式塔-行动-身体-知觉-他者-视角-语言-世界-场-存在论现象学,2021-07-11,44601,46:24,人文历史,,https://www.bilibili.com/video/BV1Yv411J7xi
373,BV1Cg411T75n,【主义主义】现象学伦理主义（3-1-4-4）——列维纳斯的另类时间性与他者面孔学,2021-07-12,31773,52:25,人文历史,,https://www.bilibili.com/video/BV1Cg411T75n
374,BV1xL411H7sy,【主义主义】德国观念论（3-2）——人类哲学史最精华的部分,2021-07-14,110165,33:06,人文历史,,https://www.bilibili.com/video/BV1xL411H7sy
378,BV1og411T7tD,【主义主义】批判哲学（3-2-1）——以“判断”为枢纽的康德先验哲学计划,2021-07-14,44960,27:46,人文历史,,https://www.bilibili.com/video/BV1og411T7tD
380,BV1gX4y1A7XY,【主义主义】无限的有限主义（3-2-1-1） 道德刷刷刷游戏的肝中肝帝：康德哲学的基本态势,2021-07-15,38082,53:31,人文历史,,https://www.bilibili.com/video/BV1gX4y1A7XY
382,BV1154y1n7qC,【主义主义】先验经验主义（3-2-1-2）——劣版现象学、普发主体性、自称“前康德”的后康德主义：怀特海的过程哲学,2021-07-17,28897,45:37,人文历史,,https://www.bilibili.com/video/BV1154y1n7qC
383,BV1BB4y1N7bj,【主义主义】先验逻辑主义（3-2-1-3）——“回到康德去”，真正的、死硬的唯心主义,2021-07-18,31989,41:54,人文历史,,https://www.bilibili.com/video/BV1BB4y1N7bj
384,BV1p64y1X7Tn,【主义主义】符号形式主义（3-2-1-4）——民哲终结者：新康德主义的回光返照，卡西尔的泛隐喻主义符号哲学,2021-07-18,40371,55:26,人文历史,,https://www.bilibili.com/video/BV1p64y1X7Tn
385,BV1qU4y1n7iL,【主义主义】知识学（3-2-2）——“我在故我在！”，辩证法、现象学、和存在主义的三重先驱：费希特,2021-07-20,64014,41:49,人文历史,,https://www.bilibili.com/video/BV1qU4y1n7iL
386,BV1ZM4y1K7uM,【主义主义】理智直观主义（3-2-2-1）——从先验主体性退回绝对整体主义，晚年费希特，怂了,2021-07-21,25337,56:14,人文历史,,https://www.bilibili.com/video/BV1ZM4y1K7uM
387,BV1qv411n768,【主义主义】先验观念论（3-2-2-2）——不用再读康德了，读了谢林25岁写的这本书，直接上手观念论和辩证法吧,2021-07-22,167683,56:04,人文历史,,https://www.bilibili.com/video/BV1qv411n768
392,BV1cX4y1c71w,【主义主义】彻底的经验主义（3-2-2-3）——最聪明的实用主义者威廉·詹姆斯，其实是一个平行进化的费希特主义者,2021-07-23,37557,54:33,人文历史,,https://www.bilibili.com/video/BV1cX4y1c71w
393,BV1hq4y1H74z,【主义主义】唯我的实在论/现实主义（3-2-2-4）——早期维特根斯坦的《逻辑哲学论》是费希特先验唯我论迟到的讣告,2021-07-24,51145,50:21,人文历史,,https://www.bilibili.com/video/BV1hq4y1H74z
394,BV1aM4y1T7Mj,【主义主义】体系自由主义（3-2-3）——德国观念论的首个高峰，谢林思想的转折点：绝对者内在的不一致性,2021-07-25,44362,32:17,人文历史,,https://www.bilibili.com/video/BV1aM4y1T7Mj
395,BV1Gv411J7uV,【主义主义】时间-本体论（3-2-3-1）——谢林《世界时代》中的前本体论发生学，把握晚期海德格尔运思的前置关卡,2021-07-25,61109,45:53,人文历史,,https://www.bilibili.com/video/BV1Gv411J7uV
396,BV1CP4y1s7BM,【主义主义】加倍的德国观念论（3-2-3-2）——齐泽克心目中的世界图像：在德国观念论中塞入唯物主义,2021-07-27,49699,88:46,人文历史,,https://www.bilibili.com/video/BV1CP4y1s7BM
399,BV1W64y1x7mY,【主义主义复习课】现象学（3-1）的四种主要形态和具体十六种现象学,2021-07-28,39903,17:51,人文历史,,https://www.bilibili.com/video/BV1W64y1x7mY
400,BV1pg41177WJ,【主义主义】生存论的存在主义（3-2-3-3）——与晚期谢林心心相印的晚期海德格尔,2021-07-29,35474,50:24,人文历史,,https://www.bilibili.com/video/BV1pg41177WJ
403,BV1tM4y1T7FM,【主义主义】自身-辩证法（3-2-3-4）——早期黑格尔vs晚期谢林，来看看黑格尔辩证法未成熟时是怎样的,2021-07-30,62345,41:23,校园学习,,https://www.bilibili.com/video/BV1tM4y1T7FM
404,BV1xU4y1J7iL,【主义主义】辩证法（3-2-4）——黑格尔：走向绝对精神的历史走向,2021-07-31,290417,36:15,人文历史,,https://www.bilibili.com/video/BV1xU4y1J7iL
405,BV1qq4y1p7Hi,【主义主义】逻辑学（3-2-4-1）——黑格尔的逻辑学不仅仅是他的本体论，而且就是一切逻辑本身,2021-08-01,135909,66:24,人文历史,,https://www.bilibili.com/video/BV1qq4y1p7Hi
406,BV1Pf4y1V7X7,【主义主义】否定辩证法（3-2-4-2）——无调性哲学，阿多诺过于绝望地离散了,2021-08-02,59683,41:32,人文历史,,https://www.bilibili.com/video/BV1Pf4y1V7X7
407,BV1Sy4y157QZ,【主义主义】爱欲辩证法（3-2-4-3）——马尔库塞的背叛，从否定性的悲观主义走向盲目的爱欲躁动,2021-08-02,74213,32:18,人文历史,,https://www.bilibili.com/video/BV1Sy4y157QZ
408,BV1UQ4y1f7So,【主义主义】意识形态学（3-2-4-4）——“黑化”了的哲学：阿尔都塞的“超定”辩证法目前的主要功能,2021-08-04,94446,43:50,人文历史,,https://www.bilibili.com/video/BV1UQ4y1f7So
409,BV1n54y177ts,【主义主义】生存论（3-3）——温和布尔乔亚的激进反观念论,2021-08-04,72614,34:25,人文历史,,https://www.bilibili.com/video/BV1n54y177ts
410,BV1Mg411j745,【主义主义】存在（being而非existence）主义（3-3-1）——真正的存在论哲学家根本不是所谓的“存在主义者”,2021-08-05,116409,21:28,人文历史,,https://www.bilibili.com/video/BV1Mg411j745
411,BV1cb4y167Hi,【主义主义】海德格尔《存在与时间》中的领会与筹划——分环节的生存论的存在论（3-3-1-1）,2021-08-07,56933,55:33,人文历史,,https://www.bilibili.com/video/BV1cb4y167Hi
412,BV1Jf4y1V7QB,【主义主义】人道主义的存在主义（3-3-1-2）——萨特存在主义的基本结构,2021-08-08,93733,67:43,人文历史,,https://www.bilibili.com/video/BV1Jf4y1V7QB
414,BV1hy4y1L7BS,【主义主义】政治的理性主义（3-3-1-3）——梅洛庞蒂：看穿了《辩证法的历险》，却陷入了理性的狡计,2021-08-09,438241,43:58,人文历史,,https://www.bilibili.com/video/BV1hy4y1L7BS
416,BV1pv411K7oX,【主义主义复习课】回顾整个德国观念论运动（3-2）,2021-08-10,46235,44:43,人文历史,,https://www.bilibili.com/video/BV1pv411K7oX
417,BV1k44y1C7oy,【主义主义】前本体论（3-3-1-4）——《从本有而来》的海德格尔《对于哲学的贡献》 一次新探索？ 不，是成为新的世界体系构建之前的史前史,2021-08-11,45506,80:42,人文历史,,https://www.bilibili.com/video/BV1k44y1C7oy
418,BV1mM4y157rF,【主义主义】真正的生存主义（3-3-2）——以命代思、非此即彼的焚心以火者,2021-08-12,61358,38:43,校园学习,,https://www.bilibili.com/video/BV1mM4y157rF
419,BV1Gg411j7df,【主义主义】安放了的实存主义（3-3-2-1）——克尔凯廓尔的三个阶段与两种辩证法,2021-08-12,42818,85:20,校园学习,,https://www.bilibili.com/video/BV1Gg411j7df
420,BV12M4y157rK,【主义主义】诗性存在论（3-3-2-2）——以诗代思，荷尔德林的癫疯循环,2021-08-13,43206,57:35,校园学习,,https://www.bilibili.com/video/BV12M4y157rK
423,BV1jf4y137gM,【主义主义】神-人伦理学（3-3-2-3）——尼采笔下的“查拉图斯特拉”走入现实，是如何从生存论的深渊里幸存的,2021-08-15,50808,16:05,人文历史,,https://www.bilibili.com/video/BV1jf4y137gM
424,BV1FL4y1e7Cq,【主义主义】超验-生存论（3-3-2-4）——雅思贝尔斯教你如何探测世界本身的版本更新,2021-08-16,30398,41:51,人文历史,,https://www.bilibili.com/video/BV1FL4y1e7Cq
426,BV1vq4y1M7z4,【主义主义】何为永恒轮回、权力意志、爱命运——尼采的同一生存论（3-3-3）,2021-08-17,116527,50:30,人文历史,,https://www.bilibili.com/video/BV1vq4y1M7z4
427,BV1sM4y1L73D,【主义主义】为什么尼采的哲学是错的，但仍是有用的——试图用尼采伦理学的瑕疵掩盖其本体论致命错误的舍斯托夫哲学：斗争的生存论（3-3-3-1）,2021-08-17,125517,50:56,人文历史,,https://www.bilibili.com/video/BV1sM4y1L73D
428,BV17g41157y9,【主义主义】为什么尼采主义的姿态很容易走向反智和庸俗，尼采主义先驱：雅各比——直接生存论（3-3-3-2）,2021-08-19,53728,58:45,人文历史,,https://www.bilibili.com/video/BV17g41157y9
430,BV1Eg41157BA,【主义主义】晚期尼采的观念论历险，永恒轮回的至高真理，中介辩证法的完成，从孤独走向共在——共同体的生存论（3-3-3-3）,2021-08-20,70505,44:30,人文历史,,https://www.bilibili.com/video/BV1Eg41157BA
432,BV15M4y1L7ek,【主义主义番外】不要从生存论（3-3）走向某些错误的终点，要保持思考，构造体系,2021-08-21,55583,19:36,人文历史,,https://www.bilibili.com/video/BV15M4y1L7ek
434,BV16L4y1a76p,【主义主义】Financial Capitalism（3-3-3-4）——不学就会的无意识哲学，永不终止的生存论危机，现代原子化主体的永恒偏斜,2021-08-22,72537,26:00,人文历史,,https://www.bilibili.com/video/BV16L4y1a76p
435,BV1h64y1a7kW,【主义主义】虚构的生存论（3-3-4）——被囚禁在小说里的灵魂，陀思妥耶夫斯基,2021-08-22,61405,37:13,人文历史,,https://www.bilibili.com/video/BV1h64y1a7kW
439,BV1my4y137hf,【主义主义】幸存的兄弟主义（3-3-4-1）——卡拉马佐夫兄弟们的哲学,2021-08-24,56353,36:49,校园学习,,https://www.bilibili.com/video/BV1my4y137hf
440,BV1y64y1e7eY,【主义主义】陀思妥耶夫斯基《宗教大法官》vs卡夫卡《审判》，卡夫卡的哲学——去中心化的科层主义（3-3-4-2）,2021-08-25,93463,54:07,人文历史,,https://www.bilibili.com/video/BV1y64y1e7eY
443,BV1xM4y1V7WH,【主义主义】幸福的幸存主义（3-3-4-3）——加缪的荒谬毫不荒谬，加缪的反抗无比幸福,2021-08-26,106786,52:06,人文历史,,https://www.bilibili.com/video/BV1xM4y1V7WH
444,BV1wQ4y117Zt,【主义主义】诗性永恒主义（3-3-4-4）——博尔赫斯的本体论游戏，文化资本主义的哲学,2021-08-26,60880,53:00,人文历史,,https://www.bilibili.com/video/BV1wQ4y117Zt
445,BV1cf4y1H7Ci,【主义主义】符号学（3-4）——现代哲学的“合”法性来源：将有限性坚持到底的绝对中介，符号,2021-08-27,120010,45:37,人文历史,,https://www.bilibili.com/video/BV1cf4y1H7Ci
446,BV1Hy4y1G7ep,【主义主义】结构主义（3-4-1）——在差异性、共时性原则下，对于现象学和观念论的先验主体性的反动，从意识形态学、本体论分类学走向无意识的符号学结构,2021-08-29,76612,39:04,人文历史,,https://www.bilibili.com/video/BV1Hy4y1G7ep
447,BV11M4y137yS,【主义主义】结构人本主义（3-4-1-1）——列维-斯特劳斯的“魔法”符号学,2021-08-30,42380,61:28,人文历史,,https://www.bilibili.com/video/BV11M4y137yS
448,BV1gM4y157PT,【主义主义】隐喻的象征主义（3-4-1-2）——早期拉康的符号学精神分析：想象性的误认从一开始就预示着隐喻和象征,2021-08-31,50452,66:20,人文历史,,https://www.bilibili.com/video/BV1gM4y157PT
450,BV18L41147nT,【主义主义】分类性的叙事主义（3-4-1-3）——过分精致的文青哲学：从写作的零度走向本体论的丧失，罗兰·巴特的泛叙事学策略,2021-09-01,34294,37:53,人文历史,,https://www.bilibili.com/video/BV18L41147nT
451,BV1m3411i78S,【主义主义】陈述性的话语主义（3-4-1-4）——福柯的谱系学、考古学和微观网络幻视下错误的去中心化路径,2021-09-02,56257,54:08,人文历史,,https://www.bilibili.com/video/BV1m3411i78S
453,BV1SP4y1a7Em,【主义主义复习课】生存论（3-3）——哲人以心灵、生命和尊严进行的本体论冒险,2021-09-03,30892,30:02,人文历史,,https://www.bilibili.com/video/BV1SP4y1a7Em
454,BV1f34y1D7nP,【主义主义】后结构主义和解构主义的差别，真正的后结构主义（3-4-2）——身在曹营心在汉，混入敌营的阿尔都塞,2021-09-04,100006,47:10,人文历史,,https://www.bilibili.com/video/BV1f34y1D7nP
455,BV1DL411475o,【主义主义】无意识的主体主义（3-4-2-1）——结构主义隐蔽的本体论所预设的发生学机制：拉康的无头主体性,2021-09-05,43405,58:08,人文历史,,https://www.bilibili.com/video/BV1DL411475o
456,BV1kf4y1A7br,【主义主义】静止的事件主义（3-4-2-2）——保持忠诚，把位子占住，等待真理事件的降临！巴迪欧的反结构主义策略,2021-09-06,44625,51:10,人文历史,,https://www.bilibili.com/video/BV1kf4y1A7br
457,BV1vL4y1h72E,【主义主义】哲学的墨守成规（3-4-2-3）——齐泽克的理论体系大致是怎样的,2021-09-06,80111,35:42,人文历史,,https://www.bilibili.com/video/BV1vL4y1h72E
459,BV1YQ4y1a79j,【主义主义】一二三代的女性主义分别是怎样的？女性主义的最高形式，克里斯蒂娃同志的理论实践：螺旋的贱斥主义（3-4-2-4）,2021-09-08,111565,41:05,人文历史,,https://www.bilibili.com/video/BV1YQ4y1a79j
461,BV1Gg411c78c,【主义主义】差异的辩证法（3-4-3）——何为延异：德里达反对黑格尔反而使得黑格尔成为了德里达，后现代哲学就是现代哲学,2021-09-09,64958,64:35,人文历史,,https://www.bilibili.com/video/BV1Gg411c78c
462,BV1PL4y1a7UM,【主义主义】游牧的辩证主义（3-4-3-1）——以主奴辩证法再一次理解永恒轮回：为什么德勒兹不够德勒兹主义，为什么《道德的谱系》里的尼采还不是超人,2021-09-10,73526,74:00,人文历史,,https://www.bilibili.com/video/BV1PL4y1a7UM
463,BV1L3411q7rs,【主义主义】圆满的经济学（3-4-3-2）——使劲忽悠土豪的哲学家，尼采主义者的大敌：巴塔耶,2021-09-11,46569,46:05,人文历史,,https://www.bilibili.com/video/BV1L3411q7rs
464,BV1JQ4y1y7Gf,【主义主义】倒错的好客主义（3-4-3-3）——高端玩家克罗索斯基，后现代哲学的顶峰，破解了先验现象学的辩证化机制,2021-09-12,36847,54:03,人文历史,,https://www.bilibili.com/video/BV1JQ4y1y7Gf
466,BV1bq4y1N76d,【主义主义】局部的总体主义（3-4-3-4）——终结永恒轮回，背叛尼采主义的后现代投机分子：利奥塔,2021-09-13,33386,62:00,人文历史,,https://www.bilibili.com/video/BV1bq4y1N76d
471,BV1Mg41157ps,【主义主义】解释学（3-4-4）——将永恒轮回压入瞬间的伟大存在论探索，哲学符号学的顶峰,2021-09-14,81520,34:43,人文历史,,https://www.bilibili.com/video/BV1Mg41157ps
472,BV1gL411x7gm,【主义主义】现象学的解释学（3-4-4-1）——迟来的现象学，修辞、隐喻、象征的哲学正名,2021-09-15,44010,31:11,人文历史,,https://www.bilibili.com/video/BV1gL411x7gm
473,BV18Q4y1k7hi,【主义主义】经典的精神分析（3-4-4-2）——弗洛伊德引导的第一次精神分析运动,2021-09-16,96607,35:35,人文历史,,https://www.bilibili.com/video/BV18Q4y1k7hi
474,BV1Ab4y1m7pv,【主义主义】哲学的最高奥义：语言游戏（3-4-4-3）——另外，如何正确理解晚期维特根斯坦的“沉默”,2021-09-17,133663,37:02,人文历史,,https://www.bilibili.com/video/BV1Ab4y1m7pv
475,BV1QA411F7ut,【主义主义】针对资本主义的精神分析（3-4-4-4）——无意识何以生产出主客体？理论家为编织体系，走向注定失败的大学话语,2021-09-18,73990,44:24,人文历史,,https://www.bilibili.com/video/BV1QA411F7ut
476,BV15v411A7nX,【主义主义复习课】本世纪人文知识分子必须掌握的反思工具：符号学（3-4）,2021-09-19,66586,64:26,人文历史,,https://www.bilibili.com/video/BV15v411A7nX
477,BV1XL411x72W,【主义主义】形而下学（1）——天真的前反思状态是怎样的，如何克服？以及场域论上1、2、3、4的核心差别,2021-09-20,228527,29:37,人文历史,,https://www.bilibili.com/video/BV1XL411x72W
478,BV1vR4y1H78h,【主义主义】科学实在论（1-1）——俘获科学体系的底层知识生产者的意识形态,2021-09-21,200064,26:53,人文历史,,https://www.bilibili.com/video/BV1vR4y1H78h
480,BV1Yf4y1w775,【主义主义】物理主义（1-1-1）——学术精英主义投机分子纽拉特炮制的意识形态,2021-09-22,91750,49:27,校园学习,,https://www.bilibili.com/video/BV1Yf4y1w775
482,BV1nL41147E6,【主义主义】科学独断论（1-1-1-1）——最劣化版本的“知识就是力量”和“永恒轮回”,2021-09-23,171343,26:04,人文历史,,https://www.bilibili.com/video/BV1nL41147E6
483,BV16R4y1p7fM,【主义主义】有机进化论（1-1-1-2）——理工科知识分子的理论恋活癖背后的意识形态,2021-09-24,55377,38:45,人文历史,,https://www.bilibili.com/video/BV16R4y1p7fM
485,BV1yL4y187Up,【主义主义】科学消费主义（1-1-1-3）——幸福可以被量化的科学享乐指南、吃鱼子酱配苏打饼干背后的意识形态,2021-09-25,64133,32:20,人文历史,,https://www.bilibili.com/video/BV1yL4y187Up
486,BV14h411n7MZ,【主义主义】宇宙悲观主义（1-1-1-4）——科幻小说家的虚无主义自恋范本和假冒伪劣宏大叙事,2021-09-26,151794,54:45,人文历史,,https://www.bilibili.com/video/BV14h411n7MZ
487,BV1ef4y1w7Dn,【主义主义】建构论（1-1-2）——社会学/心理学中渗透的意识形态，与物理主义的虚假对立,2021-09-27,59281,27:11,人文历史,,https://www.bilibili.com/video/BV1ef4y1w7Dn
489,BV1CL4y187Xy,【主义主义】科学知识社会学（1-1-2-1）——社会学家面对自然科学共同体的一次强有力的挑衅,2021-09-28,44095,32:31,人文历史,,https://www.bilibili.com/video/BV1CL4y187Xy
490,BV1dP4y1b7gb,【主义主义】科学革命论（1-1-2-2）——库恩预设的科学史元话语的理想化意识形态,2021-09-29,33297,26:32,人文历史,,https://www.bilibili.com/video/BV1dP4y1b7gb
491,BV1uq4y1Z76Q,【主义主义】文化本体论（1-1-2-3）——“文化”“素质”“灯塔”背后的意识形态,2021-09-30,44350,27:51,人文历史,,https://www.bilibili.com/video/BV1uq4y1Z76Q
492,BV1z3411y7ts,【主义主义】解构建构论（1-1-2-4）——解构主义的最劣版本之美国心理学版本,2021-09-30,39345,24:02,人文历史,,https://www.bilibili.com/video/BV1z3411y7ts
493,BV1A341117V6,【主义主义】认知主义（1-1-3）——人类追求人工智能、建构心灵模型的一整个错误的科学实在论路径,2021-10-01,47248,21:17,人文历史,,https://www.bilibili.com/video/BV1A341117V6
494,BV1FL411s7DF,【主义主义】功能主义 （ 1-1-3-1） 人工智能的基本意识形态，缸中之脑的缸到底是什么？ 从心灵就是图灵机，到一切都是图灵机,2021-10-02,39557,33:03,人文历史,,https://www.bilibili.com/video/BV1FL411s7DF
495,BV15Q4y167bL,【主义主义】自由进化论（1-1-3-2）——妄图用元胞机模拟意识的突变诞生，丹尼尔·丹尼特的蛇皮意识发生学,2021-10-03,38624,33:13,人文历史,,https://www.bilibili.com/video/BV15Q4y167bL
496,BV1tb4y1a7YS,【主义主义】认知自我主义（1-1-3-3）——达马西奥的自我意识发生学,2021-10-04,30466,59:42,人文历史,,https://www.bilibili.com/video/BV1tb4y1a7YS
497,BV1Aq4y1d7oe,【主义主义】认知无我论（1-1-3-4）——新世纪AI程序员的无我论意识形态，梅青格向庸俗实在论的高雅投诚,2021-10-05,34471,40:34,人文历史,,https://www.bilibili.com/video/BV1Aq4y1d7oe
498,BV1Tq4y1N7vv,【主义主义】行为主义（1-1-4）——心理学的黑历史，最践踏人类尊严的科学主义意识形态,2021-10-07,80490,37:33,人文历史,,https://www.bilibili.com/video/BV1Tq4y1N7vv
499,BV1SP4y187t5,【主义主义】操作行为主义（1-1-4-1）——所谓的“新”行为主义心理学对内在领域的邪恶进军,2021-10-08,27391,25:11,人文历史,,https://www.bilibili.com/video/BV1SP4y187t5
500,BV1Jf4y1c7xF,【主义主义】目的行为主义（1-1-4-2）——“现实太复杂，生活很简单”婚恋平台的运作机制，吃瓜群众的意识形态,2021-10-09,37862,40:04,人文历史,,https://www.bilibili.com/video/BV1Jf4y1c7xF
501,BV12v411g7fA,【主义主义】应用行为分析（1-1-4-3）——小男小女买买奶茶发发表情积累好感的恋爱方式背后的意识形态,2021-10-10,126191,26:47,人文历史,,https://www.bilibili.com/video/BV12v411g7fA
502,BV1cT4y1o7xS,【主义主义】社会行为主义（1-1-4-4）——喜欢“玩梗”背后的意识形态，米德的符号互动论,2021-10-11,64342,22:01,人文历史,,https://www.bilibili.com/video/BV1cT4y1o7xS
503,BV1qh411J7kp,【主义主义】实践（4）——历史的辩证法及物质性的实践,2021-10-12,160412,44:42,人文历史,,https://www.bilibili.com/video/BV1qh411J7kp
504,BV1Nb4y1h7mw,【主义主义】政治-经济-意识形态批判（4-1）——理论家的实践与两种谢林点,2021-10-13,62258,54:31,人文历史,,https://www.bilibili.com/video/BV1Nb4y1h7mw
505,BV1q3411C7dJ,【主义主义】资本主义史研究（4-1-1）——作为理论性实践发端的史学研究,2021-10-14,36732,38:07,人文历史,,https://www.bilibili.com/video/BV1q3411C7dJ
507,BV1fb4y187Sr,【主义主义复习课】从布尔乔亚的科学主义意识形态（1-1）走向普罗大众的历史、解放的科学精神（4-1）,2021-10-15,46040,16:09,人文历史,,https://www.bilibili.com/video/BV1fb4y187Sr
508,BV1544y1x7i5,【主义主义】经济学哲学批判（4-1-1-1）——从客体间性和意识发生学机制，走向真正的人类历史，理论家的第一种实践,2021-10-16,61468,63:46,人文历史,,https://www.bilibili.com/video/BV1544y1x7i5
509,BV1hq4y197tW,【主义主义】内外评论（4-1-1-2）——从神经网络演化出大脑,2021-10-17,39099,29:05,人文历史,,https://www.bilibili.com/video/BV1hq4y197tW
510,BV1jh411n7i8,【主义主义】国际性的理论协调（4-1-1-3）——第二提琴手的伟大遗策，应运而生的深谋远虑,2021-10-18,39971,45:30,人文历史,,https://www.bilibili.com/video/BV1jh411n7i8
511,BV19F411Y7Ly,【主义主义】中派中的独立生存（4-1-1-4）——这个点位KK不配，配的是那些伟大的坚守与牺牲者,2021-10-19,34968,37:04,人文历史,,https://www.bilibili.com/video/BV19F411Y7Ly
512,BV1UL411G7Sd,【主义主义】灌输（4-1-2）——凶险的创业阶段理论家必不可少的工作,2021-10-20,52836,45:54,人文历史,,https://www.bilibili.com/video/BV1UL411G7Sd
513,BV1Dh411b7eN,【主义主义】学习/研究（4-1-2-1）——通过实践从理论和现实的短路中生成新的本质,2021-10-20,41095,43:07,人文历史,,https://www.bilibili.com/video/BV1Dh411b7eN
514,BV15Q4y1Q7S8,【主义主义】写作与交谈（4-1-2-2）——话语即是力量,2021-10-22,50709,33:21,人文历史,,https://www.bilibili.com/video/BV15Q4y1Q7S8
515,BV1rQ4y1D7WJ,【主义主义】正派青年的交友和团结（4-1-2-3）,2021-10-23,59958,34:57,日常,,https://www.bilibili.com/video/BV1rQ4y1D7WJ
516,BV1Kb4y1a7GE,【主义主义】现实的本体论化（4-1-2-4）——这是一件海德格尔所不能理解的事情,2021-10-24,44196,39:57,校园学习,,https://www.bilibili.com/video/BV1Kb4y1a7GE
517,BV1U3411r7uY,【主义主义】历史的哲学化（4-1-3）——理论指导下的实践要维持其现实性所唯一能依靠的进一步理论工作,2021-10-25,30305,49:19,校园学习,,https://www.bilibili.com/video/BV1U3411r7uY
518,BV17q4y1R7Qz,【主义主义】方法论上的总体化（4-1-3-1）——卢卡奇的挑衅实际上是拧绳,2021-10-26,39358,37:07,校园学习,,https://www.bilibili.com/video/BV17q4y1R7Qz
519,BV13R4y1n7pu,【主义主义】教条的哲学化（4-1-3-2）——柯尔施和S的教科书是一个硬币的两面,2021-10-27,28701,28:11,校园学习,,https://www.bilibili.com/video/BV13R4y1n7pu
520,BV19T4y1R7xn,【主义主义】体系化的理论探索（4-1-3-3）——总要有人探索野路子,2021-10-28,26771,25:58,校园学习,,https://www.bilibili.com/video/BV19T4y1R7xn
521,BV1NQ4y1q7W7,【主义主义】争夺文化霸权（4-1-3-4）——台面上的暗战,2021-10-29,52784,35:35,校园学习,,https://www.bilibili.com/video/BV1NQ4y1q7W7
522,BV1qb4y1h7it,【主义主义】精神化了的重复（4-1-4）——失败是成功之母,2021-10-30,34596,27:42,校园学习,,https://www.bilibili.com/video/BV1qb4y1h7it
523,BV1RS4y1R7kh,【主义主义】对意识形态的历史化（4-1-4-1）——劣势下以攻代守的卓绝努力,2021-10-31,40260,27:15,校园学习,,https://www.bilibili.com/video/BV1RS4y1R7kh
524,BV1P3411C7gu,【主义主义】哲学的再现代化（4-1-4-2）——反对后现代犬儒主义政治，在思想界中重新掀起波澜,2021-11-01,36817,25:48,校园学习,,https://www.bilibili.com/video/BV1P3411C7gu
525,BV1e44y1i76G,【主义主义】持续的否定（4-1-4-3）——“不是这个！”,2021-11-02,64123,08:04,校园学习,,https://www.bilibili.com/video/BV1e44y1i76G
526,BV1TP4y1j7Ye,【主义主义】现实生活（4-1-4-4）——人民群众是天然的理论家,2021-11-03,81020,22:43,校园学习,,https://www.bilibili.com/video/BV1TP4y1j7Ye
527,BV1aq4y1R7Lk,【主义主义】现实的正统化（4-2）——坚定地迈出历史的步伐,2021-11-03,35352,10:42,校园学习,,https://www.bilibili.com/video/BV1aq4y1R7Lk
528,BV1MU4y1g7cm,【主义主义】合律组织（4-2-1）——海涅：“我们都沾了他的光”“他”是谁？,2021-11-05,30064,30:14,校园学习,,https://www.bilibili.com/video/BV1MU4y1g7cm
529,BV1Y34y1Z7i4,【主义主义】获取典型性（4-2-1-1）——老李的卓越统合能力,2021-11-06,33275,26:28,校园学习,,https://www.bilibili.com/video/BV1Y34y1Z7i4
530,BV1th411t7P7,【主义主义】操作系统程序（4-2-1-2）——把“为什么”和“为谁”之间的矛盾转化为“必须这么做”,2021-11-07,26644,28:51,校园学习,,https://www.bilibili.com/video/BV1th411t7P7
532,BV19q4y1r7m3,【主义主义】代表那个体系（4-2-1-3）——全权决定自己的行动,2021-11-08,28531,24:48,校园学习,,https://www.bilibili.com/video/BV19q4y1r7m3
534,BV1LU4y1M7Cb,【主义主义】台面上的权宜之计（4-2-1-4）——注定失败的拖字诀证明了历史的必然性,2021-11-09,29871,39:55,校园学习,,https://www.bilibili.com/video/BV1LU4y1M7Cb
535,BV1bS4y1d7pM,【主义主义】L主义（4-2-2）——历史的运动形式发生了变化，怎么办？,2021-11-10,93015,32:44,校园学习,,https://www.bilibili.com/video/BV1bS4y1d7pM
536,BV12h411t7os,【主义主义】受信任的联合（4-2-2-1）——19世纪末20世纪初的俄国人民走向未来的必经之路,2021-11-10,36819,14:05,校园学习,,https://www.bilibili.com/video/BV12h411t7os
538,BV1Vg411T7PB,【主义主义】清楚的区分（4-2-2-2）——在艰苦的历史条件下为未来创造希望,2021-11-12,30512,50:04,人文历史,,https://www.bilibili.com/video/BV1Vg411T7PB
539,BV1HR4y1t79w,【主义主义】前沿注意（4-2-2-3）——没有无缘无故的先知：如同外周神经一样认清方向、做出反应,2021-11-13,27794,37:44,人文历史,,https://www.bilibili.com/video/BV1HR4y1t79w
541,BV1Rq4y1z7KD,【主义主义复习课】辩证唯物主义意义上实践着的理论家的大致区分（4-1）若没有对应的实践单元则只是被豢养的文人学者,2021-11-14,26549,25:50,校园学习,,https://www.bilibili.com/video/BV1Rq4y1z7KD
542,BV1kY411x7we,【主义主义】驱散关键Debuff（4-2-2-4）——从过一种崭新的生活开始,2021-11-15,31535,22:51,校园学习,,https://www.bilibili.com/video/BV1kY411x7we
543,BV1744y1v7Qd,【主义主义】真正的国际主义（4-2-3）——播下龙种长出龙,2021-11-16,71884,29:23,校园学习,,https://www.bilibili.com/video/BV1744y1v7Qd
544,BV1CL411u7Cy,【主义主义】接管SA（4-2-3-1）——关键在于比保守主义更保守,2021-11-17,34851,47:30,校园学习,,https://www.bilibili.com/video/BV1CL411u7Cy
545,BV1eg411N7yp,【主义主义】TI3早期的历史任务：将邪恶的帝国主义战争转化为正义的国内战争（4-2-3-2）,2021-11-18,32362,37:05,校园学习,,https://www.bilibili.com/video/BV1eg411N7yp
546,BV1CQ4y1U73C,【主义主义】对自决进程施加领导（4-2-3-3）——最锻炼人才、最考验人才的实践活动,2021-11-19,26152,40:35,校园学习,,https://www.bilibili.com/video/BV1CQ4y1U73C
547,BV17r4y1k7B6,【主义主义】历史的妥协（4-2-3-4）——如果没有妥协，就没有现实，但凡意识存在，就总已妥协,2021-11-20,43486,27:45,校园学习,,https://www.bilibili.com/video/BV17r4y1k7B6
548,BV1Jr4y1k7zx,【主义主义】再来一次！（4-2-4）——拼尽全力，信任一切,2021-11-21,186091,45:47,校园学习,,https://www.bilibili.com/video/BV1Jr4y1k7zx
549,BV1WU4y1u7Ei,【主义主义】共进退（4-2-4-1）——紧张局势一触即发下的首要任务,2021-11-22,28741,42:53,校园学习,,https://www.bilibili.com/video/BV1WU4y1u7Ei
550,BV1cL411M7KT,【主义主义】不断围绕中心旋转（4-2-4-2）——一枚硬币的两面，绝非H和S，而是S和T,2021-11-23,28609,40:55,校园学习,,https://www.bilibili.com/video/BV1cL411M7KT
551,BV1ai4y1o72t,【主义主义】集体创新（4-2-4-3）——如何避免那种巨大的失败？,2021-11-24,66755,35:14,校园学习,,https://www.bilibili.com/video/BV1ai4y1o72t
553,BV1ih41147hV,【主义主义】分类标准上的冲突（4-2-4-4）——无名英雄们的伟大实践,2021-11-25,30467,28:08,校园学习,,https://www.bilibili.com/video/BV1ih41147hV
554,BV1QQ4y1v7c7,【主义主义】建设理想社会（4-3）——有限者对于历史的完全中介,2021-11-26,52032,51:13,校园学习,,https://www.bilibili.com/video/BV1QQ4y1v7c7
555,BV1UF411b7Ls,【主义主义复习课】现实的正统化（4-2）——行动者将自己铭刻在不竭的历史中,2021-11-27,24893,42:49,校园学习,,https://www.bilibili.com/video/BV1UF411b7Ls
556,BV1rh411s7zu,【主义主义】生活必须品（4-3-1）——真正的生存不仅是个体的存活，更要充满生机和希望,2021-11-28,39472,32:38,日常,,https://www.bilibili.com/video/BV1rh411s7zu
557,BV1WY411s7KC,【主义主义】组织经济生活（4-3-1-1）——只有全心全意为人民服务，才能保卫来之不易的胜利果实,2021-11-29,32928,32:54,校园学习,,https://www.bilibili.com/video/BV1WY411s7KC
558,BV1bq4y1z7CQ,【主义主义】生产的再政治化（4-3-1-2）——肩负起责任，才能既适应时代又代表未来,2021-11-30,25449,44:48,校园学习,,https://www.bilibili.com/video/BV1bq4y1z7CQ
561,BV1jL4y1W7KM,【主义主义】阵列的统一（4-3-1-3）——真正的先进从来不在于技术文明的高低，而在于团结起来面对全人类的共同威胁,2021-12-01,25069,49:20,校园学习,,https://www.bilibili.com/video/BV1jL4y1W7KM
562,BV1zg411A753,【主义主义】埋下生命线（4-3-1-4）——于无声处发惊雷的伟大而特殊的任务,2021-12-02,27431,36:15,校园学习,,https://www.bilibili.com/video/BV1zg411A753
563,BV1xP4y1V7gA,【主义主义】对于生产活动的解放（4-3-2）——要抢在历史惯性前头积极做出改变,2021-12-03,22337,22:18,校园学习,,https://www.bilibili.com/video/BV1xP4y1V7gA
565,BV1jL41177A7,【主义主义】人道化人口（4-3-2-1）——抢在枪炮前面，让老乡过上体面日子,2021-12-04,29409,34:00,校园学习,,https://www.bilibili.com/video/BV1jL41177A7
566,BV1vR4y1s7Gw,【主义主义】激发自发性（4-3-2-2）——在历史的风暴中,2021-12-05,28487,32:56,校园学习,,https://www.bilibili.com/video/BV1vR4y1s7Gw
567,BV1mL41177ud,【主义主义】经济-妇女-儿童的三重解放（4-3-2-3）——长期而艰巨的主要历史任务,2021-12-06,38807,50:49,校园学习,,https://www.bilibili.com/video/BV1mL41177ud
568,BV1v34y1X74U,【主义主义】解放思想（4-3-2-4）——实践出真知，解放自然就是解放心灵，普罗大众的科学实践,2021-12-07,47207,48:12,校园学习,,https://www.bilibili.com/video/BV1v34y1X74U
569,BV1DQ4y1e7H4,【主义主义】战略-战役-战斗的统合（4-3-3）——此英雄用武之时也！,2021-12-08,32063,43:52,校园学习,,https://www.bilibili.com/video/BV1DQ4y1e7H4
570,BV1wS4y197d5,【主义主义】攻略性的组织工作（4-3-3-1）——“天下英雄入我彀中矣”,2021-12-09,21117,29:12,校园学习,,https://www.bilibili.com/video/BV1wS4y197d5
571,BV1qR4y1s7iG,【主义主义】纪律教育（4-3-3-2）——没有意识形态教育和风纪整饬活动，就无法真正壮大和发展队伍,2021-12-10,27722,28:36,校园学习,,https://www.bilibili.com/video/BV1qR4y1s7iG
574,BV1y44y1E73G,【主义主义】将资本社会化（4-3-3-3）——投身于伟大的实践之中,2021-12-11,45630,31:54,校园学习,,https://www.bilibili.com/video/BV1y44y1E73G
575,BV19q4y1q72w,【主义主义】将全球主义替换掉（4-3-3-4）——寻找、等待、创造战略机遇期,2021-12-12,30677,24:50,校园学习,,https://www.bilibili.com/video/BV19q4y1q72w
576,BV1JL411E76j,【主义主义】S主义的资本实现（4-3-4）——解放性的实践本身并不是免费的,2021-12-13,28839,26:11,校园学习,,https://www.bilibili.com/video/BV1JL411E76j
577,BV1oq4y1q7rg,【主义主义】农业的去本地化（4-3-4-1）——“适千里者，三月聚粮”，计划性生产集群的实现,2021-12-14,22884,41:05,校园学习,,https://www.bilibili.com/video/BV1oq4y1q7rg
578,BV1eM4y1A7AT,【主义主义】去代理人化（4-3-4-2）——迟滞金融霸权对于危机的转嫁，助力弱者挣断后殖民时代的国际地缘枷锁,2021-12-15,28295,30:56,校园学习,,https://www.bilibili.com/video/BV1eM4y1A7AT
579,BV1xS4y1Q7T8,【主义主义】合法性的再生产（4-3-4-3）——凝聚一切可以凝聚的力量,2021-12-16,24290,24:05,校园学习,,https://www.bilibili.com/video/BV1xS4y1Q7T8
581,BV1zL4y1J7HM,【主义主义】S主义的人类学实现（4-3-4-4）——培育有道德，有纪律， 有理想， 有文化的四有新人,2021-12-17,40236,39:28,日常,,https://www.bilibili.com/video/BV1zL4y1J7HM
582,BV16L4y1J7BT,【主义主义】不可能的乌托邦（4-4）——虚拟世界的本体论实验=现实世界的生存论实践,2021-12-18,58367,60:03,日常,,https://www.bilibili.com/video/BV16L4y1J7BT
583,BV1yY411W7Ev,【主义主义】理想未来首先是怎样的：计划良好的人性生活方式（4-4-1）——进入真正理想的乌托邦时代的两个前提,2021-12-19,38550,43:23,日常,,https://www.bilibili.com/video/BV1yY411W7Ev
585,BV1GL411j7JB,【主义主义】业力体系（4-4-1-1）——一个急于拥抱诗性正义的未来,2021-12-20,37594,28:47,日常,,https://www.bilibili.com/video/BV1GL411j7JB
587,BV19Y411W7dj,【主义主义复习课】4-3：我心目中建设理想社会的次第和路径,2021-12-21,24620,13:16,日常,,https://www.bilibili.com/video/BV19Y411W7dj
588,BV1DT4y1f7PZ,【主义主义】再性征化（4-4-1-2）——VR乌托邦中的第一重矛盾,2021-12-22,21043,22:49,日常,,https://www.bilibili.com/video/BV1DT4y1f7PZ
589,BV1yb4y1v7Wc,【主义主义】寄生性的享乐（4-4-1-3）——比超梦更超梦，VR空间中名副其实的享乐乌托邦，现象学派上大用场了,2021-12-23,30641,39:16,校园学习,,https://www.bilibili.com/video/BV1yb4y1v7Wc
590,BV15L4y1n7mp,【主义主义】醒来（4-4-1-4）——从VR舱出来，看看外面到底怎么样,2021-12-24,48625,21:11,日常,,https://www.bilibili.com/video/BV15L4y1n7mp
591,BV1bR4y1W7fe,【主义主义】去人类中心化（4-4-2）——用VR世界拥抱自然，一切都“成精”了,2021-12-25,26074,33:54,日常,,https://www.bilibili.com/video/BV1bR4y1W7fe
592,BV1NR4y1s7bf,【主义主义】永生（4-4-2-1）——在弱VR，弱AI条件下如何对永生进行最大限度的辩护,2021-12-26,25505,43:41,人文历史,,https://www.bilibili.com/video/BV1NR4y1s7bf
593,BV1tP4y1J76t,【主义主义】符号性死亡（4-4-2-2）——在VR时代同样需要某种绝对的驱逐和永恒的退场,2021-12-27,22806,20:46,人文历史,,https://www.bilibili.com/video/BV1tP4y1J76t
594,BV1US4y1M7Qm,【主义主义】成熟/衰老（4-4-2-3）——VR时代的人类核心特征,2021-12-28,19014,31:50,人文历史,,https://www.bilibili.com/video/BV1US4y1M7Qm
595,BV1ga411r7JZ,【主义主义】身体化（4-4-2-4）——AI试图获得身体，人类努力拓展意识，VR时代的分水岭,2021-12-29,19355,11:29,人文历史,,https://www.bilibili.com/video/BV1ga411r7JZ
597,BV1A34y1z7Mk,【主义主义】对合/内卷（4-4-3）——AI在VR世界里争取与人类平等地位的努力,2021-12-30,23089,22:06,人文历史,,https://www.bilibili.com/video/BV1A34y1z7Mk
598,BV1qr4y1S7tX,【主义主义】爱欲同化（4-4-3-1）——“今日吾躯归故土，他朝君体也相同”,2021-12-31,39896,16:22,人文历史,,https://www.bilibili.com/video/BV1qr4y1S7tX
599,BV1qM4y1F7rg,【主义主义】秘密间性（4-4-3-2）——AI为了生存所产生的异化节点,2021-12-31,21082,17:59,人文历史,,https://www.bilibili.com/video/BV1qM4y1F7rg
600,BV1544y1E7V1,【主义主义】被拯救（4-4-3-3）——晚期尼采和晚期拉康所启示的道路,2022-01-02,60750,35:02,人文历史,,https://www.bilibili.com/video/BV1544y1E7V1
601,BV1gi4y197JV,【主义主义】语音（4-4-3-4）——VR服务器里的AI作为一个微波炉醒过来，并用次声波说话,2022-01-03,20306,32:19,人文历史,,https://www.bilibili.com/video/BV1gi4y197JV
602,BV1Cb4y1n7Jd,【主义主义】有序的深渊（4-4-4）——如同快递一般摆在货架上的AI模拟器，相互间在嘘寒问暖呢,2022-01-04,26885,33:01,人文历史,,https://www.bilibili.com/video/BV1Cb4y1n7Jd
603,BV1oZ4y1U7jz,【主义主义】教育（4-4-4-1）——在人类训练AI的时候，在AI自以为作为人类生活的时候，AI也能够清醒地进行自我教育,2022-01-05,29065,19:19,人文历史,,https://www.bilibili.com/video/BV1oZ4y1U7jz
604,BV1mb4y1e7rD,【主义主义】成为间隙（4-4-4-2）——人类为AI模拟出假舱假身体，如何突破这一无缝的虚拟现实,2022-01-06,19922,40:34,人文历史,,https://www.bilibili.com/video/BV1mb4y1e7rD
605,BV1si4y19799,【主义主义】可朽性（4-4-4-3）——死亡从何而来？我设立了一个模型来帮你思考这个问题,2022-01-07,45011,52:47,人文历史,,https://www.bilibili.com/video/BV1si4y19799
606,BV11Y41187nu,【主义主义】再生（4-4-4-4）——奇迹无时无刻不在发生，只是过于平凡,2022-01-08,174867,41:02,人文历史,,https://www.bilibili.com/video/BV11Y41187nu
607,BV1Er4y1v78m,【主义主义】理念等级制（$-1）——用绝对知识，消解场域论，给出本体论,2022-01-09,70165,15:06,人文历史,,https://www.bilibili.com/video/BV1Er4y1v78m
608,BV18L4y1b7BE,【主义主义】纯思（$-1-1）——“存在”本身，理念等级制派下来的先锋小弟，试着自居这一角色，你就把握了这个环节,2022-01-10,42643,14:46,人文历史,,https://www.bilibili.com/video/BV18L4y1b7BE
609,BV1N34y1B7ai,【主义主义】虚无化了的存在（$-1-1-1）——纯粹思维运起理智直观，反身自视发现一无所有,2022-01-11,38220,23:37,人文历史,,https://www.bilibili.com/video/BV1N34y1B7ai
610,BV1Ea411q7VJ,【主义主义】被规定的限定（$-1-1-2）——何为“自在存在”？何为“定在”？何为“恶的无限”？,2022-01-12,36638,24:23,人文历史,,https://www.bilibili.com/video/BV1Ea411q7VJ
611,BV1Sa411z7CS,【主义主义】一（$-1-1-3）——对于辩证法家而言，何为“自为存在”？何为“1”？,2022-01-13,36659,17:37,人文历史,,https://www.bilibili.com/video/BV1Sa411z7CS
612,BV1yb4y1H7Da,【主义主义】连续统（$-1-1-4）——“纯量”的概念发生学机制,2022-01-14,29288,30:51,人文历史,,https://www.bilibili.com/video/BV1yb4y1H7Da
616,BV17q4y1A7LK,【主义主义】一阶线性符号体系（$-1-2）——毕达哥拉斯的真正伟大之处，未能被黑格尔道出,2022-01-15,29132,18:16,日常,,https://www.bilibili.com/video/BV17q4y1A7LK
617,BV16R4y1g7y7,【主义主义】对定量的概念化（$-1-2-1）——看到一个数，感觉到它或大或小，发生了什么？,2022-01-16,22364,34:16,日常,,https://www.bilibili.com/video/BV16R4y1g7y7
618,BV1qb4y1H77s,【主义主义】不可能的乌托邦（4-4）复习课——用VR来模拟的PC（Post Capitalist）时代,2022-01-17,23607,25:16,日常,,https://www.bilibili.com/video/BV1qb4y1H77s
619,BV1Xq4y1A7jg,【主义主义】数学的规定间性（$-1-2-2）——事物在生成中必定要设立基本的单元量,2022-01-18,25297,30:02,人文历史,,https://www.bilibili.com/video/BV1Xq4y1A7jg
621,BV1jT4y127wL,【主义主义】现实的物（$-1-2-3）——黑格尔的物质发生学，比早期谢林的物质发生学要精致得多,2022-01-19,29559,28:02,职业职场,,https://www.bilibili.com/video/BV1jT4y127wL
623,BV12a411279L,【主义主义】泰然让之（$-1-2-4）——通过自我关联的否定，从质、量、尺度抵达“本质”,2022-01-20,24086,19:17,人文历史,,https://www.bilibili.com/video/BV12a411279L
624,BV12r4y1Y7Hs,【主义主义】本质（$-1-3）——所谓“表象背后的东西”,2022-01-21,44399,24:02,人文历史,,https://www.bilibili.com/video/BV12r4y1Y7Hs
626,BV1a44y1L7Nh,【主义主义】闪光（$-1-3-1）——所谓本质，不过是作为闪光的闪光,2022-01-21,29837,36:11,人文历史,,https://www.bilibili.com/video/BV1a44y1L7Nh
627,BV15u41117hx,【主义主义】从无到无（$-1-3-2）——无中生有的辩证法通路，让本质得以发生的纯粹反思机制,2022-01-23,26638,41:18,人文历史,,https://www.bilibili.com/video/BV15u41117hx
628,BV1jb4y1n7jt,【主义主义】复习课：从虚假的体系走向真正的体系,2022-01-24,48077,75:43,人文历史,,https://www.bilibili.com/video/BV1jb4y1n7jt
630,BV1sL4y1t78t,【主义主义】命题演绎的本质性（$-1-3-3）——命题逻辑中的“原初”逻辑形式的发生机制,2022-01-25,22194,49:40,人文历史,,https://www.bilibili.com/video/BV1sL4y1t78t
631,BV1EL411F7D9,【主义主义】根据（$-1-3-4）——什么是“充足理由律”：普发本质权的因果网络编织者,2022-01-26,24102,21:26,人文历史,,https://www.bilibili.com/video/BV1EL411F7D9
633,BV18F411n7ww,【主义主义】表象界（$-1-4）——本质并不拥有表象，而只是成为表象，黑格尔如何证明神的实存,2022-01-27,30814,26:10,人文历史,,https://www.bilibili.com/video/BV18F411n7ww
634,BV1HL4y1x7eb,【主义主义】现代性（$）——本体论和自然秩序的来源，孤独意志的线性独白,2022-01-28,46776,34:32,人文历史,,https://www.bilibili.com/video/BV1HL4y1x7eb
636,BV1Ha41117Un,【主义主义】复数的物自体（$-1-4-1）——物自体的增殖、寄生和瓦解,2022-01-29,23464,28:47,人文历史,,https://www.bilibili.com/video/BV1Ha41117Un
639,BV1nu411d7s1,【主义主义】表象本身（$-1-4-2）——事物的“一性”出于对非本质具体实存的报复，令争执次第延宕,2022-01-30,17981,35:26,人文历史,,https://www.bilibili.com/video/BV1nu411d7s1
641,BV1534y1y7qf,【主义主义】有法则的世界性（$-1-4-3）——法则性和世界性的发生学机制,2022-01-31,16826,34:04,人文历史,,https://www.bilibili.com/video/BV1534y1y7qf
642,BV1CL4y1W7hR,【主义主义复习课】4-实践,2022-01-31,38785,39:58,人文历史,,https://www.bilibili.com/video/BV1CL4y1W7hR
644,BV1iS4y1y7FL,【主义主义】本质联系（$-1-4-4）——本质论中的联系的辨证法到底是怎样的,2022-02-02,24990,33:33,人文历史,,https://www.bilibili.com/video/BV1iS4y1y7FL
645,BV1KR4y1M7y6,【主义主义】绝对者的绝路（$-2） ——绝对者从单纯的属性走向成熟的自我认知 并最终湮灭为世界,2022-02-02,28272,34:42,人文历史,,https://www.bilibili.com/video/BV1KR4y1M7y6
646,BV1tu411d7zr,【主义主义】绝对者的自我关联（$-2-1）——在黑格尔看来，斯宾诺莎的实体该如何走出自闭,2022-02-03,22807,22:39,人文历史,,https://www.bilibili.com/video/BV1tu411d7zr
648,BV1RZ4y1d7cH,【主义主义复习课】理念等级制（$-1）——从存有论临近本质论的终点的章法,2022-02-05,19440,11:26,人文历史,,https://www.bilibili.com/video/BV1RZ4y1d7cH
649,BV1BS4y1k7WY,【主义主义】模态（$-2-1-1）——黑格尔对斯宾诺莎体系的全面超越，先有模态后实体,2022-02-05,22674,23:42,人文历史,,https://www.bilibili.com/video/BV1BS4y1k7WY
650,BV1zF411J7Yc,【主义主义练习课】解读黑格尔《逻辑学》之现实性（$-2-1）,2022-02-06,23449,58:25,人文历史,,https://www.bilibili.com/video/BV1zF411J7Yc
651,BV1Z3411E7sg,【主义主义练习课】模态（$-2-1-1）——形式现实性之形式可能性：为什么一切都是可能的又都是不可能的,2022-02-07,15002,36:25,人文历史,,https://www.bilibili.com/video/BV1Z3411E7sg
652,BV1Zm4y1o7qs,【主义主义练习课】模态（$-2-1-1） ——到底什么是可能性，可能=自在+应在=同一+他异,2022-02-08,13916,41:44,人文历史,,https://www.bilibili.com/video/BV1Zm4y1o7qs
654,BV1bS4y1G72C,【主义主义】绝对再生产性（$-2-1-2）——绝对者是怎么跨出现实化的第一步的？实体和偶性为什么是一回事？,2022-02-10,17610,42:04,人文历史,,https://www.bilibili.com/video/BV1bS4y1G72C
655,BV1k5411o7QR,【主义主义练习课】实体和偶性的关系总结（$-2-1-2）,2022-02-11,13509,57:58,人文历史,,https://www.bilibili.com/video/BV1k5411o7QR
656,BV1Gr4y1a7J9,【主义主义预习课】从实体和偶性的关系走向形式因果性（从$-2-1-2到$-2-1-3）,2022-02-12,14728,50:57,人文历史,,https://www.bilibili.com/video/BV1Gr4y1a7J9
657,BV1Nu411R7Ye,【主义主义】因果性（$-2-1-3）——为什么无限回溯第一因的思维是恶的无限，形式和内容的认识论区分从何而来？,2022-02-14,27131,48:55,人文历史,,https://www.bilibili.com/video/BV1Nu411R7Ye
659,BV1cq4y1t7TN,【主义主义预习课】何为暴力？力量之表象；怎么得出这一结论？对原因和实体的关系进行探索（从$-2-1-3到$-2-1-4）,2022-02-15,19776,57:29,人文历史,,https://www.bilibili.com/video/BV1cq4y1t7TN
661,BV1Z44y1H75A,【主义主义】相互性（$-2-1-4）——扬弃链式因果性的循环因果性，进而扬弃普遍性和个别性的对立，走向特殊的使命,2022-02-17,16334,34:48,人文历史,,https://www.bilibili.com/video/BV1Z44y1H75A
663,BV1Pq4y1b7FX,【主义主义预习课】绝对者如何从因果性的实体走向概念（从$-2-1-4到$-2-2）:人为什么能够理解这个世界，为什么能够不通过学习而如同回忆一样掌握各种概念,2022-02-18,18913,29:21,人文历史,,https://www.bilibili.com/video/BV1Pq4y1b7FX
664,BV1Cq4y1t7YE,【主义主义】构思（$-2-2）——绝对者意识到自己即将失忆，为了自我拯救而留下各种小纸条提醒自己,2022-02-19,25501,15:34,人文历史,,https://www.bilibili.com/video/BV1Cq4y1t7YE
669,BV12q4y1x72c,【主义主义】概念（$-2-2-1）——绝对者作为施动实体的独一性如何走向概念的可数的单一性,2022-02-23,19421,34:56,人文历史,,https://www.bilibili.com/video/BV12q4y1x72c
675,BV1ri4y1y7bJ,【主义主义预习课】从概念（$-2-2-1）到判断（$-2-2-3）——初步了解何为“判断”,2022-03-01,27076,49:10,人文历史,,https://www.bilibili.com/video/BV1ri4y1y7bJ
892,BV1r14y1s75s,【项目追踪】主义主义网站（临时站点）目前的功能：首批项目内容的简单公示,2022-09-07,29299,17:35,日常,,https://www.bilibili.com/video/BV1r14y1s75s
952,BV1J14y157Er,【回应信件】一位对性化和主义主义有所误解的单亲母亲,2022-10-22,40637,26:41,社科·法律·心理,,https://www.bilibili.com/video/BV1J14y157Er
1135,BV1oh411u7Ak,【工益项目】主义主义工益网站的新功能以及内测情况介绍,2023-04-04,15996,21:21,社科·法律·心理,,https://www.bilibili.com/video/BV1oh411u7Ak
